10320.0,0.423,1.807,0.115,0.6842598576564805
10320.0,0.41,1.929,0.138,0.9554291530473487
10320.0,0.439,1.865,0.101,0.6463958643835906
10320.0,0.442,1.648,0.14,0.7958324472481799
10320.1,0.455,1.618,0.132,0.613026059869424
10320.1,0.406,1.553,0.144,0.6445512960433868
10320.1,0.469,1.629,0.119,0.923532017173609
10320.1,0.471,1.941,0.147,0.9621173256231885
10320.2,0.444,1.577,0.117,0.6172253746085381
10320.2,0.477,1.611,0.132,0.7104417906283944
10320.3,0.452,1.757,0.142,0.50994512821813
10320.4,0.496,1.777,0.141,0.5123068579387999
10320.4,0.446,1.906,0.141,0.6897232900294277
10320.4,0.417,1.714,0.113,0.8490762067645174
10320.5,0.42,1.69,0.138,0.9485574531096983
10320.5,0.404,1.658,0.1,0.7042241646393841
10320.5,0.496,1.894,0.109,0.8485536442399774
10320.5,0.432,1.734,0.136,0.9381049663276636
10320.5,0.461,1.79,0.118,0.8735163261638912
10320.5,0.497,1.508,0.101,0.9267298295739499
10320.6,0.451,1.638,0.129,0.8219893077263543
10320.6,0.434,1.953,0.129,0.5720142829390891
10320.6,0.415,1.67,0.111,0.7673980683783306
10320.6,0.446,1.863,0.129,0.7539738531742564
10320.7,0.485,1.739,0.126,0.9245807291226522
10320.7,0.416,1.568,0.109,0.6986694469421837
10320.8,0.402,1.802,0.147,0.6623202098980971
10320.9,0.49,1.895,0.125,0.5389797796394981
10320.9,0.449,1.923,0.127,0.7794090957417602
10321.0,0.423,1.771,0.118,0.998037908702055
10321.0,0.458,1.992,0.124,0.8843032224781369
10321.0,0.416,1.643,0.106,0.9277177695996559
10321.1,0.409,1.63,0.14,0.5468271837472822
10321.1,0.483,1.553,0.143,0.5612216642223228
10321.1,0.429,1.953,0.127,0.8469129458961888
10321.1,0.496,1.574,0.121,0.9200408248930063
10321.2,0.447,1.887,0.133,0.9068765057565419
10321.2,0.403,1.622,0.145,0.940849064649699
10321.3,0.457,1.867,0.103,0.6435718572916282
10321.3,0.453,1.672,0.144,0.7265765240811857
10321.4,0.498,1.511,0.147,0.8765212838077463
10321.4,0.403,1.564,0.147,0.6012009627062574
10321.5,0.476,1.733,0.112,0.9648903952789238
10321.5,0.45,1.736,0.119,0.84669612314101
10321.6,0.476,1.715,0.128,0.8190582074240984
10321.6,0.414,1.589,0.146,0.9573761864923054
10321.6,0.463,1.931,0.115,0.5583533723277314
10321.7,0.467,1.726,0.134,0.8775557354170712
10321.7,0.476,1.941,0.133,0.6667032842822498
10321.7,0.481,1.606,0.147,0.8938685212522928
10321.8,0.457,1.544,0.141,0.5025653891139215
10321.8,0.457,1.677,0.147,0.6103159094351613
10321.8,0.471,1.921,0.126,0.5252980705769459
10321.8,0.419,1.534,0.118,0.873033756174722
10321.8,0.431,1.55,0.103,0.8128054248333562
10321.8,0.477,1.652,0.135,0.6556026139096471
10321.9,0.429,1.764,0.137,0.9033611072679996
10321.9,0.492,1.501,0.134,0.5631968951341865
10321.9,0.418,1.972,0.106,0.773891372954925
10321.9,0.4,1.797,0.13,0.7334404602586875
10322.0,0.479,1.792,0.142,0.7522264000896224
10322.0,0.49,1.777,0.128,0.6885390331105692
10322.1,0.465,1.9,0.115,0.9385628381300345
10322.2,0.442,1.501,0.146,0.5492977239237464
10322.2,0.482,1.889,0.102,0.842858020900308
10322.2,0.447,1.752,0.102,0.96277012219974
10322.2,0.447,1.977,0.102,0.9433296713357968
10322.2,0.421,1.565,0.111,0.6559211309477159
10322.3,0.425,1.687,0.143,0.6639429367541974
10322.4,0.464,1.909,0.138,0.8070539070860053
10322.4,0.455,1.505,0.137,0.9171398601589745
10322.4,0.458,1.926,0.135,0.6804439514701599
10322.4,0.458,1.932,0.111,0.9076741190769054
10322.4,0.456,1.991,0.144,0.6292778146193141
10322.4,0.432,1.811,0.126,0.5695658595452844
10322.5,0.447,1.879,0.148,0.9636019309091653
10322.5,0.477,1.912,0.13,0.5458900397253076
10322.5,0.457,1.917,0.133,0.7323778520508109
10322.6,0.425,1.652,0.148,0.5514045147931854
10322.6,0.443,1.977,0.131,0.950384047923817
10322.6,0.456,1.689,0.135,0.8603557709265635
10322.7,0.455,1.878,0.127,0.9130904733813482
10322.9,0.452,1.962,0.103,0.5620349493217489
10322.9,0.467,1.94,0.107,0.5141219449139802
10322.9,0.477,1.843,0.112,0.8469667827949929
10322.9,0.446,1.876,0.124,0.6012198347877582
10323.0,0.43,1.506,0.122,0.8980163712602123
10323.1,0.462,1.506,0.125,0.6788475521483635
10323.1,0.447,1.663,0.115,0.8897697586775091
10323.1,0.441,1.623,0.141,0.6947836214827474
10323.2,0.454,1.616,0.115,0.964445201334416
10323.2,0.46,1.592,0.124,0.7701931409838711
10323.2,0.497,1.897,0.1,0.6339689065933793
10323.2,0.47,1.92,0.147,0.8629976875379668
10323.2,0.456,1.837,0.124,0.7258591035040167
10323.2,0.418,1.641,0.129,0.9192867611129416
10323.2,0.414,1.56,0.123,0.8431850486915545
10323.3,0.494,1.732,0.148,0.9550934299354732
10323.3,0.408,1.747,0.132,0.5246530637023528
10323.3,0.481,1.643,0.115,0.5786142049997381
10323.3,0.488,1.854,0.142,0.7923960933122578
10323.3,0.478,1.829,0.123,0.9209768490810237
10323.4,0.465,1.892,0.101,0.7725323432111189
10323.4,0.42,1.523,0.148,0.8023777731667554
10323.4,0.458,1.872,0.108,0.6377430417668517
10323.4,0.42,1.637,0.146,0.8854875739160513
10323.4,0.437,1.519,0.148,0.5087831310640688
10323.5,0.46,1.9,0.132,0.6706276496454109
10323.5,0.477,1.538,0.133,0.638910626346167
10323.5,0.423,1.878,0.147,0.6178843731525467
10323.5,0.494,1.664,0.116,0.8208016209762572
10323.5,0.488,1.738,0.138,0.8910376493487082
10323.5,0.446,1.863,0.145,0.9323130667504685
10323.6,0.447,1.917,0.112,0.5464974552363815
10323.6,0.419,1.791,0.14,0.975150774583156
10323.7,0.457,1.678,0.104,0.5113086001199252
10323.7,0.487,1.512,0.118,0.8172840112713111
10323.7,0.433,1.875,0.11,0.9397759268170669
10323.7,0.449,1.648,0.139,0.9962252325106418
10323.7,0.482,1.63,0.107,0.7096762089975703
10323.7,0.427,1.579,0.14,0.7687379089111689
10323.7,0.484,1.554,0.142,0.6159992952468025
10323.7,0.405,1.724,0.145,0.8929981547809017
10323.7,0.468,1.71,0.126,0.9876472598159782
10323.7,0.401,1.65,0.114,0.9503339667105878
10323.7,0.4,1.731,0.117,0.5897144822579962
10323.7,0.47,1.955,0.117,0.5112575824116603
10323.8,0.463,1.782,0.137,0.7580624709728083
10323.8,0.451,1.806,0.123,0.5311801978791014
10323.8,0.406,1.985,0.125,0.9305849381688774
10323.9,0.429,1.676,0.122,0.5845795287242587
10323.9,0.41,1.734,0.133,0.8564260138360904
10323.9,0.466,1.611,0.145,0.5906580649301636
10324.0,0.467,1.786,0.133,0.6982908840255875
10324.0,0.433,1.883,0.102,0.5786935360502539
10324.0,0.473,1.753,0.141,0.6863985096017045
10324.0,0.461,1.813,0.149,0.6169034780445362
10324.0,0.453,1.831,0.101,0.5494974985124161
10324.1,0.413,1.873,0.107,0.7377609155091565
10324.1,0.4,1.672,0.123,0.6444398237454376
10324.1,0.454,1.679,0.107,0.7277096053313701
10324.1,0.438,1.787,0.128,0.9429071857809872
10324.1,0.413,1.601,0.145,0.5174356730365188
10324.1,0.449,1.929,0.14,0.5790282467543426
10324.2,0.444,1.675,0.143,0.6127539538743887
10324.2,0.477,1.629,0.114,0.6115168137607914
10324.2,0.474,1.887,0.106,0.7673794927852382
10324.2,0.436,1.757,0.107,0.8735319068050134
10324.3,0.499,1.652,0.129,0.9713856437740545
10324.3,0.433,1.98,0.112,0.8124016079352218
10324.4,0.46,1.572,0.102,0.7850348420772325
10324.4,0.447,1.918,0.148,0.8660777402448133
10324.4,0.423,1.701,0.144,0.5749413427724268
10324.4,0.418,1.825,0.107,0.7306777640499669
10324.4,0.436,1.872,0.143,0.8591593601200247
10324.4,0.455,1.89,0.124,0.982467124105802
10324.5,0.456,1.774,0.12,0.7988189802939133
10324.5,0.423,1.975,0.102,0.8084724469028628
10324.5,0.449,1.82,0.13,0.7726420681674182
10324.6,0.442,1.784,0.133,0.9565800082502076
10324.6,0.456,1.609,0.124,0.7548527451525591
10324.6,0.401,1.589,0.107,0.8878637435227821
10324.6,0.423,1.559,0.107,0.6233177984991757
10324.6,0.495,1.693,0.117,0.9463514375677072
10324.7,0.45,1.712,0.144,0.9312854372757957
10324.7,0.422,1.514,0.12,0.5040630718500883
10324.8,0.475,1.722,0.119,0.5945796179231362
10324.8,0.469,1.919,0.142,0.7734288745931497
10324.8,0.493,1.52,0.106,0.6572155490532958
10324.8,0.414,1.868,0.118,0.5284590298845558
10324.8,0.4,1.72,0.136,0.6672368998609794
10324.9,0.447,1.752,0.127,0.9315699759358125
10324.9,0.498,1.735,0.14,0.5653192949518794
10324.9,0.464,1.787,0.111,0.7591077823673108
10324.9,0.491,1.55,0.131,0.8547416998185667
10325.0,0.474,1.927,0.1,0.9418040825293621
10325.0,0.474,1.913,0.115,0.5423146112974064
10325.0,0.408,1.523,0.145,0.9562336014473856
10325.1,0.461,1.79,0.12,0.5253998189761226
10325.1,0.496,1.848,0.136,0.6345222781370299
10325.1,0.48,1.672,0.109,0.629296720562686
10325.2,0.476,1.501,0.142,0.7190754444169641
10325.2,0.404,1.672,0.106,0.852299179826048
10325.2,0.48,1.637,0.149,0.9136631465634946
10325.3,0.454,1.678,0.134,0.6220100420576878
10325.5,0.496,1.768,0.112,0.5723255491031398
10325.5,0.401,1.521,0.102,0.6578990906630534
10325.5,0.465,1.879,0.116,0.6693679887122032
10325.5,0.458,1.704,0.118,0.8528619489740041
10325.5,0.426,1.852,0.101,0.6573484260958413
10325.5,0.406,1.702,0.106,0.6002319573169455
10325.6,0.436,1.955,0.114,0.8887916693398248
10325.6,0.47,1.95,0.117,0.5050826492665819
10325.6,0.456,1.847,0.126,0.8684508560393238
10325.6,0.4,1.721,0.121,0.8326230598433654
10325.6,0.471,1.982,0.128,0.6486498081461358
10325.8,0.44,1.958,0.128,0.5901728433622973
10325.8,0.421,1.748,0.126,0.90151845130721
10325.8,0.444,1.583,0.144,0.7380559353903047
10326.0,0.462,1.96,0.101,0.7722662813601135
10326.0,0.422,1.765,0.131,0.8463184575765687
10326.0,0.494,1.878,0.144,0.7557196175432127
10326.1,0.434,1.529,0.126,0.6934653841423699
10326.1,0.466,1.957,0.136,0.9984539249895665
10326.1,0.411,1.881,0.149,0.6370705052192682
10326.2,0.483,1.755,0.111,0.9739809900234577
10326.2,0.482,1.946,0.116,0.7784023092692882
10326.2,0.494,1.905,0.121,0.9266783470933969
10326.3,0.457,1.813,0.107,0.8996970971223082
10326.3,0.458,1.899,0.123,0.6151168515924674
10326.3,0.411,1.988,0.125,0.9646952775133566
10326.3,0.444,1.739,0.148,0.9744979348376084
10326.4,0.487,1.689,0.125,0.5953984850732079
10326.4,0.444,1.792,0.124,0.9937641195709448
10326.4,0.489,1.588,0.116,0.6168021134781139
10326.5,0.47,1.941,0.126,0.8884582588980985
10326.5,0.484,1.858,0.142,0.7529720122549296
10326.5,0.458,1.857,0.107,0.8564091814997067
10326.6,0.48,1.597,0.102,0.6590128430889362
10326.6,0.439,1.951,0.131,0.8055535855868503
10326.6,0.449,1.6,0.106,0.7508701946280398
10326.7,0.422,1.714,0.142,0.9203990495619931
10326.7,0.459,1.635,0.145,0.6394652038334412
10326.7,0.407,1.587,0.115,0.902328222400072
10326.7,0.453,1.903,0.11,0.9638840291990426
10326.7,0.461,1.653,0.111,0.9892946840436354
10326.8,0.458,1.666,0.132,0.9250947891195436
10326.8,0.488,1.746,0.117,0.6078588422109791
10326.8,0.437,1.513,0.125,0.6279055332473514
10326.8,0.463,1.913,0.129,0.8877347032686498
10326.8,0.494,1.944,0.136,0.6948208138904349
10326.8,0.474,1.589,0.122,0.8501833727660381
10326.9,0.436,1.698,0.119,0.7506704812280602
10326.9,0.47,1.686,0.13,0.9590184983421952
10326.9,0.435,1.965,0.131,0.7984777459002352
10327.0,0.475,1.728,0.115,0.8845911378836291
10327.0,0.443,1.994,0.13,0.6705958873410371
10327.0,0.495,1.682,0.115,0.50011094299245
10327.0,0.47,1.934,0.106,0.9775454015319476
10327.0,0.486,1.722,0.134,0.982207113389961
10327.1,0.44,1.627,0.106,0.6671901472037585
10327.1,0.474,1.934,0.149,0.8707416714554825
10327.1,0.417,1.584,0.137,0.7821603968138271
10327.1,0.489,1.89,0.128,0.5342988894480185
10327.1,0.484,1.851,0.128,0.9784503432089531
10327.2,0.44,1.947,0.126,0.5854494595612214
10327.2,0.437,1.717,0.142,0.5771912119752776
10327.2,0.452,1.66,0.131,0.695687432713147
10327.2,0.408,1.692,0.126,0.8705819735309377
10327.2,0.478,1.97,0.125,0.7494550662470572
10327.2,0.46,1.716,0.148,0.623914497424173
10327.2,0.428,1.928,0.121,0.7354865963693693
10327.2,0.481,1.76,0.118,0.8385348689076186
10327.3,0.451,1.556,0.131,0.9462541039483425
10327.3,0.464,1.515,0.104,0.7633585225695149
10327.3,0.419,1.603,0.145,0.7970145879920987
10327.3,0.407,1.663,0.145,0.6088780694726385
10327.3,0.411,1.685,0.136,0.5094761315319805
10327.3,0.485,1.879,0.1,0.71556373265432
10327.3,0.459,1.705,0.111,0.8197059913688529
10327.4,0.492,1.55,0.13,0.84394197867765
10327.4,0.443,1.532,0.131,0.865281944578853
10327.5,0.439,1.511,0.13,0.9075468260479611
10327.5,0.49,1.539,0.117,0.5939167243735699
10327.6,0.475,1.603,0.114,0.7423860968416541
10327.6,0.439,1.653,0.134,0.7154337044880572
10327.6,0.499,1.805,0.123,0.7233591870175666
10327.7,0.441,1.621,0.11,0.9859379671019479
10327.7,0.468,1.937,0.104,0.8214265801888763
10327.8,0.415,1.782,0.123,0.7843320177198727
10327.8,0.451,1.967,0.131,0.5409728233329094
10327.8,0.403,1.904,0.133,0.768017959737983
10327.8,0.409,1.602,0.149,0.7709826970048468
10327.8,0.447,1.724,0.128,0.7449966671109736
10327.8,0.472,1.735,0.132,0.594766653498729
10327.8,0.469,1.629,0.149,0.5079687131298241
10327.8,0.449,1.965,0.104,0.5126704921089624
10327.9,0.451,1.85,0.103,0.9688298074591342
10328.0,0.424,1.717,0.111,0.8724978194777429
10328.1,0.446,1.714,0.103,0.8097788493646758
10328.1,0.414,1.582,0.129,0.7056892270896912
10328.2,0.462,1.57,0.131,0.6104076944399818
10328.2,0.493,1.713,0.125,0.8724517960691398
10328.2,0.464,1.824,0.131,0.957659240378274
10328.2,0.418,1.859,0.111,0.7550475352622654
10328.3,0.446,1.554,0.127,0.7510662785132298
10328.3,0.405,1.854,0.141,0.6232532174159113
10328.3,0.43,1.783,0.122,0.5827217594115883
10328.3,0.414,1.971,0.111,0.7098463899769532
10328.3,0.463,1.99,0.131,0.5759946826255866
10328.3,0.406,1.72,0.1,0.6855521700887905
10328.4,0.463,1.863,0.106,0.8397718575426995
10328.5,0.452,1.665,0.105,0.9213469097021016
10328.5,0.403,1.905,0.14,0.9994308190914312
10328.5,0.492,1.801,0.121,0.7461362535331771
10328.6,0.462,1.642,0.13,0.849880092576365
10328.6,0.493,1.517,0.136,0.5052904835779217
10328.6,0.402,1.82,0.1,0.8191769792431123
10328.6,0.477,1.721,0.107,0.7310114194158706
10328.6,0.423,1.847,0.138,0.9818163072048632
10328.7,0.414,1.981,0.111,0.7502363268592978
10328.7,0.469,1.963,0.129,0.9484120143688164
10328.7,0.401,1.968,0.126,0.8777147146596003
10328.7,0.421,1.743,0.131,0.9499084408051364
10328.7,0.459,1.559,0.115,0.6901202487066738
10328.8,0.489,1.564,0.107,0.7264244883369693
10328.8,0.467,1.679,0.121,0.6107325237612694
10328.8,0.478,1.61,0.144,0.7454448979122918
10328.8,0.434,1.616,0.123,0.6108434627835828
10328.8,0.437,1.961,0.138,0.9440859403899124
10328.8,0.403,1.84,0.14,0.6434108539245971
10328.9,0.49,1.821,0.119,0.5775439021137303
10328.9,0.436,1.952,0.122,0.7581898926553458
10328.9,0.455,1.675,0.12,0.7972265628891555
10329.0,0.429,1.909,0.126,0.6169882706674973
10329.0,0.475,1.728,0.137,0.6172993163903104
10329.0,0.4,1.782,0.144,0.5906941124132944
10329.0,0.44,1.717,0.127,0.8487207132911063
10329.1,0.416,1.811,0.119,0.6823823902028228
10329.1,0.401,1.692,0.148,0.7839489803926315
10329.1,0.453,1.591,0.103,0.8398873579781848
10329.1,0.428,1.95,0.111,0.6210065232853526
10329.2,0.474,1.559,0.132,0.6788847173126615
10329.2,0.448,1.91,0.116,0.5775539564331484
10329.2,0.453,1.619,0.109,0.6446990437746176
10329.3,0.484,1.679,0.101,0.7910117241104372
10329.3,0.462,1.502,0.121,0.70718662614979
10329.3,0.417,1.753,0.133,0.6327858656447993
10329.3,0.464,1.929,0.103,0.6638406042661646
10329.4,0.436,1.782,0.119,0.9066494728339782
10329.4,0.419,1.699,0.149,0.640163179998649
10329.5,0.443,1.702,0.105,0.7352020083801767
10329.5,0.416,1.585,0.115,0.9671034386451853
10329.5,0.474,1.584,0.135,0.857384180799447
10329.5,0.485,1.875,0.111,0.9699078869413256
10329.6,0.426,1.936,0.103,0.7214401591213502
10329.7,0.427,1.687,0.134,0.84621843749098
10329.7,0.453,1.835,0.108,0.868944274731348
10329.7,0.433,1.898,0.111,0.9734919872256936
10329.8,0.416,1.902,0.12,0.8355527736937547
10329.8,0.464,1.974,0.105,0.6628707576104049
10329.8,0.468,1.838,0.138,0.8912367846402734
10329.8,0.425,1.937,0.1,0.9010535382960134
10329.8,0.495,1.549,0.13,0.5460096420047968
10329.9,0.483,1.575,0.114,0.5584329131707784
10329.9,0.462,1.684,0.109,0.8915180434416123
10329.9,0.451,1.88,0.115,0.8244070304288262
10330.0,0.417,1.69,0.125,0.9797428682026599
10330.1,0.412,1.982,0.144,0.5616285136707068
10330.1,0.492,1.895,0.118,0.7644778198337273
10330.1,0.484,1.833,0.129,0.6340555004834925
10330.1,0.403,1.702,0.106,0.7962729384133158
10330.1,0.478,1.631,0.109,0.5426628571431327
10330.1,0.441,1.85,0.108,0.5434250050273609
10330.2,0.457,1.922,0.133,0.9285464705978087
10330.2,0.411,1.88,0.123,0.7278092453041355
10330.3,0.422,1.958,0.139,0.7336790116299746
10330.3,0.49,1.881,0.103,0.5367950781561093
10330.3,0.428,1.927,0.106,0.8833764896203503
10330.4,0.437,1.926,0.134,0.5952361271625346
10330.4,0.46,1.725,0.11,0.6945069566936899
10330.4,0.407,1.89,0.141,0.9827452505431751
10330.4,0.435,1.951,0.105,0.9170684110024138
10330.5,0.461,1.952,0.137,0.5057591417527896
10330.5,0.473,1.69,0.118,0.5073383949268528
10330.5,0.487,1.921,0.109,0.9896581593131786
10330.5,0.457,1.682,0.139,0.7944914611076177
10330.6,0.446,1.645,0.125,0.9898310772200114
10330.6,0.4,1.755,0.113,0.7723466010978886
10330.6,0.419,1.718,0.106,0.9542618005311048
10330.6,0.496,1.975,0.112,0.9082343652342757
10330.7,0.407,1.939,0.117,0.8066867740180289
10330.7,0.435,1.604,0.138,0.6384078790272054
10330.9,0.429,1.741,0.13,0.6989172668604234
10330.9,0.427,1.992,0.128,0.8658485072721981
10330.9,0.479,1.923,0.101,0.6812313206875253
10330.9,0.442,1.576,0.138,0.6214792156140281
10330.9,0.422,1.91,0.13,0.6462404088323811
10331.0,0.494,1.966,0.1,0.7873918689117152
10331.0,0.462,1.888,0.142,0.8005825215377538
10331.0,0.451,1.631,0.106,0.540522917291074
10331.1,0.404,1.522,0.122,0.9817566447248685
10331.1,0.492,1.894,0.103,0.6677248954396786
10331.1,0.457,1.804,0.146,0.7312306732451214
10331.2,0.479,1.504,0.127,0.7375098931488233
10331.2,0.449,1.504,0.101,0.8773324315681202
10331.2,0.432,1.972,0.119,0.7969228750852483
10331.3,0.462,1.916,0.135,0.7194217777212968
10331.3,0.431,1.98,0.134,0.5275914568039761
10331.3,0.462,1.879,0.105,0.5187371236615342
10331.3,0.487,1.619,0.13,0.8849458129248323
10331.3,0.412,1.97,0.117,0.6807717334897303
10331.3,0.445,1.824,0.147,0.6874365521475151
10331.3,0.472,1.779,0.119,0.8430880341379476
10331.3,0.433,1.504,0.149,0.7365354377905069
10331.3,0.474,1.539,0.148,0.8801608095688247
10331.4,0.475,1.534,0.106,0.9954641294149944
10331.4,0.461,1.662,0.139,0.7553474387375723
10331.4,0.401,1.83,0.138,0.5277924400949562
10331.4,0.486,1.551,0.13,0.6772549419602947
10331.4,0.415,1.929,0.112,0.9400891589303021
10331.4,0.497,1.786,0.127,0.7280322401134485
10331.5,0.404,1.634,0.125,0.5720315792170225
10331.5,0.417,1.64,0.116,0.5093233779232857
10331.5,0.469,1.952,0.124,0.7670764883133855
10331.6,0.461,1.831,0.1,0.9288825081322074
10331.6,0.494,1.854,0.122,0.8683158238228647
10331.6,0.405,1.96,0.133,0.6845636342526769
10331.6,0.442,1.89,0.107,0.7433921496895601
10331.6,0.428,1.909,0.149,0.6713941460772616
10331.7,0.431,1.769,0.133,0.8053742553669947
10331.7,0.467,1.507,0.103,0.6299939829848481
10331.7,0.453,1.861,0.112,0.665401619499691
10331.7,0.482,1.613,0.111,0.6079029254955767
10331.8,0.476,1.604,0.105,0.6654932965511862
10331.8,0.402,1.595,0.103,0.6412168776546987
10332.0,0.462,1.567,0.113,0.5499640560902552
10332.0,0.46,1.722,0.144,0.9822003404481017
10332.0,0.41,1.75,0.137,0.5363437681219432
10332.1,0.481,1.989,0.129,0.6249140150408341
10332.1,0.406,1.9,0.121,0.7727898186071034
10332.1,0.486,1.629,0.106,0.5471233108178195
10332.1,0.447,1.824,0.142,0.9359882788417027
10332.1,0.421,1.921,0.116,0.6030444343321752
10332.2,0.443,1.733,0.117,0.8882469207550023
10332.2,0.454,1.927,0.14,0.8640185218980636
10332.3,0.425,1.58,0.126,0.5367802776473298
10332.3,0.433,1.526,0.119,0.8837922428501994
10332.4,0.48,1.707,0.127,0.6235607479074446
10332.4,0.418,1.676,0.123,0.5036561335969129
10332.5,0.495,1.832,0.14,0.7988315486142468
10332.5,0.403,1.995,0.123,0.8793259900166692
10332.6,0.438,1.763,0.146,0.9748715036354233
10332.6,0.447,1.649,0.102,0.8747938025721569
10332.6,0.455,1.674,0.103,0.9695931011175472
10332.7,0.444,1.867,0.129,0.7863155774023007
10332.7,0.437,1.565,0.105,0.9436715283019795
10332.7,0.486,1.845,0.119,0.6434360771888286
10332.7,0.497,1.63,0.143,0.5700726467401813
10332.8,0.456,1.675,0.102,0.967558915436941
10332.8,0.405,1.647,0.107,0.8548975102667982
10332.9,0.441,1.845,0.102,0.8268443729889428
10332.9,0.462,1.701,0.111,0.8070839487284325
10332.9,0.495,1.757,0.143,0.6955491667803952
10332.9,0.436,1.825,0.149,0.8282122659300324
10333.0,0.455,1.725,0.135,0.7586776928730117
10333.1,0.419,1.601,0.126,0.713079518577708
10333.1,0.475,1.747,0.147,0.6703518767325277
10333.2,0.405,1.515,0.136,0.5691649369421332
10333.2,0.417,1.981,0.135,0.789605502405168
10333.2,0.495,1.667,0.103,0.6052346714284533
10333.2,0.409,1.772,0.143,0.6546982482459505
10333.3,0.475,1.513,0.12,0.631299450997027
10333.3,0.422,1.844,0.129,0.6403042009748467
10333.3,0.438,1.511,0.111,0.5257291284087589
10333.4,0.404,1.549,0.149,0.9853304320898646
10333.4,0.411,1.55,0.147,0.8473282237090128
10333.4,0.424,1.597,0.104,0.7765188123297241
10333.4,0.476,1.655,0.145,0.7152829710155728
10333.6,0.467,1.948,0.147,0.9493900942878941
10333.6,0.499,1.755,0.102,0.6766925815914525
10333.6,0.476,1.952,0.145,0.7307603163847518
10333.7,0.464,1.739,0.133,0.5248929297945966
10333.7,0.472,1.871,0.124,0.5574384965841603
10333.7,0.493,1.603,0.126,0.5745105243529687
10333.7,0.442,1.836,0.108,0.6590765195610797
10333.8,0.412,1.924,0.118,0.6386126100866598
10333.8,0.472,1.535,0.148,0.6048302697909999
10333.8,0.498,1.552,0.119,0.7513584616382678
10333.8,0.461,1.958,0.117,0.6925057000493411
10333.8,0.417,1.579,0.137,0.9187539825644795
10333.8,0.475,1.948,0.122,0.6719916875426006
10333.8,0.473,1.634,0.113,0.7295546872600842
10333.8,0.433,1.857,0.113,0.6829336623441578
10333.9,0.468,1.727,0.134,0.8949311721335604
10333.9,0.426,1.819,0.108,0.8255546471017021
10333.9,0.401,1.653,0.109,0.8483929612871357
10333.9,0.437,1.537,0.138,0.7696684773476847
10334.0,0.471,1.6,0.131,0.5449969712204419
10334.0,0.412,1.787,0.106,0.60585507523973
10334.0,0.474,1.626,0.104,0.6500897345297543
10334.0,0.469,1.686,0.125,0.8030471780317134
10334.0,0.484,1.573,0.12,0.6885496745679434
10334.1,0.49,1.999,0.149,0.9398072889299925
10334.1,0.405,1.862,0.133,0.614159125593671
10334.1,0.4,1.793,0.111,0.794231729443671
10334.1,0.484,1.909,0.117,0.9543795757815503
10334.1,0.403,1.655,0.105,0.6728541251061375
10334.1,0.415,1.951,0.147,0.8224158069101848
10334.2,0.464,1.912,0.139,0.8630402634330778
10334.2,0.471,1.693,0.12,0.5609033854556361
10334.2,0.401,1.91,0.123,0.9725746049376369
10334.2,0.431,1.511,0.105,0.6663123661363846
10334.3,0.453,1.584,0.111,0.5894280507689363
10334.3,0.428,1.948,0.125,0.5056901664204505
10334.4,0.443,1.819,0.114,0.5501977610225055
10334.4,0.422,1.91,0.132,0.6236494275467294
10334.4,0.406,1.627,0.118,0.5405118874358029
10334.4,0.467,1.726,0.115,0.7139508348837301
10334.5,0.431,1.719,0.111,0.5878520819943017
10334.5,0.427,1.725,0.111,0.6104712033767499
10334.5,0.41,1.708,0.103,0.7679703260411825
10334.6,0.488,1.997,0.128,0.7025880733592633
10334.6,0.458,1.803,0.139,0.9778603089759403
10334.7,0.407,1.61,0.138,0.9535600019901966
10334.7,0.423,1.86,0.133,0.6839304939817776
10334.7,0.426,1.911,0.124,0.9403703445565316
10334.8,0.472,1.757,0.135,0.8528728923496354
10334.8,0.491,1.765,0.118,0.7949548023638291
10334.8,0.456,1.861,0.124,0.9814054929909624
10334.8,0.447,1.598,0.136,0.8830069669198117
10334.8,0.461,1.842,0.125,0.612705351460181
10334.9,0.426,1.918,0.118,0.7528057562207728
10334.9,0.497,1.818,0.105,0.8941677065024632
10334.9,0.402,1.657,0.135,0.6119946329836621
10334.9,0.463,1.569,0.141,0.8081009204708405
10335.0,0.471,1.96,0.134,0.7994835785161629
10335.0,0.425,1.954,0.107,0.9803416656964961
10335.1,0.417,1.91,0.134,0.7935021130480132
10335.1,0.443,1.615,0.122,0.7925160300811592
10335.1,0.495,1.701,0.119,0.6693258701371623
10335.1,0.482,1.792,0.127,0.8880504184322247
10335.2,0.462,1.692,0.103,0.6606788340489909
10335.2,0.423,1.672,0.115,0.762216923130758
10335.2,0.449,1.614,0.125,0.9594038962115157
10335.3,0.414,1.699,0.101,0.8424597375415677
10335.3,0.401,1.695,0.131,0.8017559507307197
10335.3,0.449,1.978,0.138,0.6483928595226695
10335.3,0.405,1.707,0.112,0.7271396541062186
10335.4,0.454,1.502,0.11,0.9266006776462874
10335.4,0.486,1.511,0.123,0.9526310885547725
10335.4,0.467,1.538,0.112,0.6692964999930573
10335.5,0.447,1.872,0.121,0.5110679475611681
10335.5,0.457,1.865,0.133,0.5629046053315852
10335.5,0.437,1.782,0.125,0.8354864323063046
10335.5,0.473,1.806,0.146,0.7393357181301202
10335.5,0.469,1.583,0.112,0.6020693251812694
10335.5,0.453,1.942,0.118,0.5642136873011292
10335.5,0.461,1.967,0.115,0.7399960959783538
10335.5,0.493,1.863,0.119,0.5531151124979006
10335.5,0.413,1.524,0.131,0.6852056203143202
10335.5,0.457,1.726,0.128,0.9213381387886435
10335.6,0.416,1.865,0.106,0.6561906465108466
10335.6,0.403,1.704,0.127,0.8787735381176738
10335.7,0.432,1.649,0.138,0.6372199939637649
10335.8,0.425,1.846,0.131,0.9998262441926702
10335.8,0.49,1.999,0.12,0.6641042473392866
10335.8,0.41,1.561,0.124,0.8509758072103772
10335.8,0.498,1.582,0.114,0.6615288249160787
10335.8,0.414,1.61,0.129,0.8117626996265618
10335.9,0.46,1.848,0.118,0.7840953088768532
10335.9,0.47,1.961,0.139,0.8060510733785793
10335.9,0.439,1.955,0.147,0.9903027561001989
10336.0,0.445,1.798,0.1,0.6854113807520941
10336.0,0.494,1.856,0.111,0.8621185287854172
10336.0,0.478,1.698,0.111,0.872959225259804
10336.1,0.496,1.589,0.138,0.7092808298445514
10336.1,0.457,1.924,0.143,0.5426924346946622
10336.1,0.459,1.558,0.128,0.5989457240229163
10336.1,0.49,1.856,0.1,0.8685418003274004
10336.1,0.453,1.547,0.134,0.906004882580529
10336.1,0.477,1.549,0.123,0.8126209562494164
10336.2,0.419,1.915,0.125,0.7171613220360906
10336.2,0.427,1.749,0.106,0.9845150585620254
10336.3,0.459,1.777,0.119,0.9857079795351398
10336.3,0.402,1.85,0.142,0.74186421081197
10336.3,0.476,1.96,0.124,0.6005826548788138
10336.3,0.416,1.594,0.119,0.9609527764843079
10336.4,0.449,1.996,0.116,0.7957833028860046
10336.4,0.415,1.917,0.138,0.9342184126688685
10336.5,0.471,1.62,0.127,0.5305704909511815
10336.7,0.416,1.688,0.135,0.8426662645597136
10336.7,0.47,1.964,0.106,0.8017874336618849
10336.7,0.495,1.727,0.107,0.8929924818297819
10336.7,0.483,1.693,0.109,0.6390532104026605
10336.8,0.401,1.721,0.109,0.6068066463999018
10336.9,0.477,1.795,0.145,0.8011905064058755
10336.9,0.423,1.564,0.133,0.6208552756332977
10337.0,0.435,1.635,0.148,0.8744338287906419
10337.0,0.473,1.83,0.147,0.8094370242382881
10337.1,0.474,1.572,0.128,0.5954399623238826
10337.1,0.405,1.695,0.104,0.7791285369811554
10337.1,0.488,1.646,0.14,0.7591240754504258
10337.2,0.458,1.807,0.147,0.7965988235671977
10337.2,0.484,1.99,0.146,0.8882818460913291
10337.3,0.458,1.71,0.141,0.5510313756786218
10337.3,0.405,1.973,0.112,0.6927358263101037
10337.3,0.441,1.724,0.12,0.6207904629562249
10337.5,0.478,1.687,0.138,0.7510157294573029
10337.5,0.466,1.999,0.128,0.6144421148377424
10337.5,0.462,1.983,0.112,0.5601075738142471
10337.5,0.45,1.594,0.146,0.512460561083302
10337.5,0.461,1.84,0.137,0.9417923564925876
10337.6,0.48,1.942,0.143,0.951062951614633
10337.6,0.414,1.771,0.114,0.9291675721766735
10337.7,0.474,1.634,0.147,0.6651487102762428
10337.7,0.496,1.59,0.146,0.6908611414851524
10337.7,0.435,1.674,0.139,0.6874413641738467
10337.8,0.405,1.674,0.102,0.9071889554819905
10337.8,0.412,1.784,0.128,0.6047968986584354
10337.8,0.475,1.634,0.137,0.6010668707664104
10337.8,0.448,1.5,0.118,0.7848948871861126
10337.8,0.498,1.978,0.117,0.9039876705841637
10337.8,0.44,1.847,0.107,0.9257628101366152
10337.9,0.402,1.677,0.1,0.5122762526081647
10337.9,0.479,1.653,0.109,0.9057933450816067
10337.9,0.406,1.944,0.11,0.583743788356593
10337.9,0.427,1.683,0.112,0.617971325902327
10337.9,0.48,1.626,0.138,0.730353754875111
10338.0,0.484,1.504,0.148,0.9420416782182979
10338.0,0.429,1.6,0.122,0.9726822415814154
10338.0,0.448,1.673,0.132,0.9900643992703023
10338.0,0.44,1.716,0.139,0.8330855160708515
10338.1,0.477,1.795,0.116,0.6453183583652364
10338.1,0.498,1.822,0.11,0.6640849850467203
10338.2,0.464,1.517,0.121,0.7658412957412013
10338.2,0.452,1.786,0.137,0.9521410417555989
10338.3,0.491,1.657,0.148,0.6950603409199538
10338.3,0.448,1.837,0.12,0.5133565676270645
10338.3,0.487,1.843,0.102,0.7847191919803842
10338.3,0.476,1.593,0.131,0.868654625067455
10338.3,0.419,1.658,0.133,0.9689224048456548
10338.4,0.463,1.985,0.121,0.8591754576745478
10338.4,0.401,1.528,0.129,0.8529547571030824
10338.4,0.456,1.641,0.103,0.9712824307088401
10338.5,0.434,1.539,0.125,0.7825734795753277
10338.5,0.431,1.57,0.106,0.5921630514790306
10338.6,0.479,1.778,0.124,0.6537616354450424
10338.6,0.44,1.871,0.101,0.6434938955773661
10338.6,0.482,1.905,0.125,0.5819650378108285
10338.6,0.496,1.737,0.141,0.6629692972290078
10338.6,0.435,1.608,0.13,0.9578820408477642
10338.7,0.412,1.586,0.118,0.9752841576456575
10338.7,0.445,1.85,0.13,0.5936327291262171
10338.8,0.453,1.547,0.139,0.6055871200718677
10338.8,0.402,1.912,0.139,0.6460809967873926
10338.8,0.425,1.913,0.132,0.8262986272117117
10338.8,0.449,1.589,0.134,0.7945734706357043
10338.8,0.477,1.603,0.104,0.5786351941711894
10338.9,0.421,1.703,0.122,0.8570941028387147
10338.9,0.467,1.526,0.143,0.9109853134203169
10338.9,0.401,1.918,0.13,0.978283266033375
10338.9,0.479,1.837,0.127,0.8387295812048648
10339.0,0.418,1.908,0.123,0.7071351931213494
10339.0,0.454,1.895,0.125,0.9583129882035122
10339.0,0.442,1.591,0.136,0.9130444652991201
10339.1,0.403,1.521,0.117,0.6832585917450005
10339.1,0.46,1.62,0.13,0.9724054653577973
10339.1,0.446,1.711,0.142,0.6299591623797993
10339.1,0.409,1.675,0.111,0.9773628267437617
10339.2,0.484,1.753,0.134,0.8685596283085258
10339.2,0.487,1.625,0.125,0.7159468008748773
10339.2,0.429,1.938,0.103,0.6401893732331208
10339.2,0.433,1.708,0.128,0.9038898046410526
10339.2,0.488,1.714,0.145,0.735031030001723
10339.3,0.444,1.721,0.123,0.7774013327975446
10339.3,0.468,1.888,0.136,0.6661941075100487
10339.3,0.432,1.698,0.143,0.6282462530165853
10339.3,0.449,1.769,0.1,0.907210549736893
10339.3,0.466,1.554,0.137,0.9532550580509274
10339.3,0.434,1.803,0.123,0.5558679634614119
10339.4,0.464,1.548,0.115,0.7930187236128861
10339.4,0.466,1.823,0.113,0.9867043517538368
10339.4,0.443,1.972,0.148,0.8373747524214049
10339.4,0.472,1.615,0.1,0.8544551036706405
10339.5,0.494,1.809,0.1,0.7916712812129498
10339.5,0.46,1.875,0.136,0.952012097838427
10339.6,0.443,1.662,0.11,0.9232967364750798
10339.6,0.417,1.614,0.129,0.7780600409120857
10339.6,0.413,1.947,0.104,0.7773348797270647
10339.6,0.496,1.912,0.106,0.7887925060364609
10339.6,0.45,1.637,0.115,0.7365826916117109
10339.7,0.484,1.88,0.147,0.9061046513111318
10339.7,0.41,1.639,0.134,0.9240182436562876
10339.8,0.449,1.929,0.103,0.7821001004639594
10339.8,0.4,1.648,0.125,0.5005835862026855
10339.8,0.404,1.709,0.119,0.7533241293638807
10339.8,0.418,1.837,0.118,0.6191617042857398
10339.9,0.419,1.597,0.114,0.6909830022046668
10339.9,0.43,1.789,0.128,0.5903375876350401
10339.9,0.495,1.942,0.112,0.5691314255195917
10339.9,0.459,1.859,0.149,0.8588460021515475
10340.0,0.402,1.682,0.146,0.6923557823229618
10340.0,0.472,1.676,0.139,0.7373585433819971
10340.0,0.428,1.742,0.147,0.8093702271214062
10340.1,0.434,1.697,0.129,0.6563972941901295
10340.1,0.458,1.971,0.137,0.5770281609369031
10340.1,0.46,1.914,0.147,0.8805412097278105
10340.2,0.482,1.616,0.121,0.8451581739937458
10340.2,0.418,1.578,0.133,0.7657251455808719
10340.3,0.467,1.989,0.111,0.7288890127721328
10340.3,0.41,1.703,0.101,0.676204619523872
10340.3,0.463,1.583,0.129,0.9575985124980959
10340.3,0.481,1.551,0.148,0.8093433867624424
10340.3,0.439,1.798,0.138,0.8734549871839381
10340.3,0.464,1.571,0.114,0.9772203177695893
10340.5,0.403,1.757,0.101,0.7297147723966603
10340.6,0.455,1.975,0.115,0.9113632369896996
10340.7,0.486,1.993,0.103,0.9763332890808827
10340.7,0.474,1.671,0.125,0.6704357470536284
10340.7,0.465,1.801,0.12,0.667302355630041
10340.8,0.446,1.607,0.149,0.8947076219548824
10340.8,0.485,1.571,0.146,0.7931040416100748
10340.9,0.489,1.521,0.109,0.6500053481607525
10340.9,0.439,1.89,0.124,0.5450394808152758
10340.9,0.404,1.792,0.126,0.6270371184865576
10341.0,0.419,1.926,0.132,0.866710282804911
10341.0,0.462,1.93,0.117,0.8520189410260439
10341.0,0.477,1.808,0.106,0.9992059994952007
10341.0,0.468,1.816,0.136,0.5580423829454164
10341.1,0.47,1.603,0.141,0.8193743605525154
10341.1,0.462,1.694,0.11,0.7463032988632612
10341.1,0.482,1.744,0.132,0.6119201164348103
10341.1,0.462,1.874,0.108,0.6384524864223513
10341.2,0.418,1.918,0.145,0.7424575163178078
10341.3,0.468,1.507,0.144,0.7803010904750525
10341.3,0.488,1.878,0.142,0.5997236133295281
10341.3,0.464,1.717,0.13,0.894035068768825
10341.4,0.463,1.507,0.107,0.8291904386384972
10341.4,0.483,1.674,0.107,0.6446216562079756
10341.5,0.468,1.783,0.118,0.666361063676227
10341.5,0.449,1.785,0.113,0.7406852591506754
10341.5,0.497,1.744,0.136,0.7318847677068588
10341.5,0.447,1.855,0.129,0.5710375837001304
10341.5,0.455,1.628,0.131,0.9880868896444088
10341.6,0.449,1.978,0.142,0.8413449174300788
10341.6,0.429,1.872,0.121,0.9254287489819043
10341.6,0.445,1.824,0.131,0.6317210449650492
10341.7,0.447,1.555,0.124,0.8770296614074096
10341.7,0.485,1.721,0.142,0.9076517875212106
10341.8,0.43,1.648,0.133,0.5519761833539973
10341.8,0.47,1.709,0.115,0.8559591211224207
10341.9,0.441,1.709,0.112,0.8781785420838271
10341.9,0.484,1.723,0.119,0.6038712097846717
10341.9,0.482,1.626,0.114,0.613518933844506
10341.9,0.443,1.868,0.114,0.8345973760423575
10341.9,0.46,1.704,0.149,0.9903022087655782
10341.9,0.48,1.889,0.142,0.518796886368297
10341.9,0.493,1.537,0.143,0.9190665666250117
10342.0,0.432,1.991,0.129,0.742270488866885
10342.1,0.465,1.819,0.119,0.7504068977619889
10342.1,0.423,1.825,0.102,0.5646706083689287
10342.1,0.451,1.778,0.111,0.5404427967478637
10342.2,0.46,1.633,0.123,0.6037870574978554
10342.2,0.469,1.992,0.105,0.9905187918499903
10342.2,0.426,1.533,0.132,0.7502531806954621
10342.3,0.463,1.902,0.139,0.5060721186463555
10342.3,0.434,1.572,0.121,0.9276623858572659
10342.3,0.407,1.802,0.109,0.6241121316629188
10342.3,0.455,1.947,0.111,0.6055700517078046
10342.4,0.493,1.841,0.122,0.936458495079511
10342.4,0.475,1.693,0.121,0.6294851604111046
10342.4,0.407,1.718,0.127,0.7646662196182634
10342.4,0.464,1.655,0.128,0.6571993859017548
10342.4,0.473,1.664,0.1,0.5348987347272289
10342.5,0.431,1.797,0.122,0.8706144128504665
10342.6,0.47,1.668,0.143,0.9992080104303354
10342.7,0.465,1.916,0.109,0.8879603896279
10342.7,0.495,1.646,0.107,0.7517727786768775
10342.8,0.481,1.726,0.125,0.7070909746969489
10342.8,0.47,1.532,0.117,0.5075433689924608
10342.8,0.427,1.563,0.145,0.9214805131458919
10342.9,0.439,1.58,0.125,0.544902106416789
10342.9,0.446,1.609,0.11,0.7786620720153246
10342.9,0.48,1.808,0.146,0.516171896933569
10342.9,0.489,1.869,0.108,0.749142640130213
10342.9,0.45,1.783,0.104,0.6376433883820609
10343.0,0.494,1.952,0.148,0.6784972014065656
10343.1,0.4,1.543,0.147,0.8725208405493696
10343.2,0.42,1.565,0.14,0.5900593468099525
10343.2,0.478,1.584,0.113,0.6005296549632668
10343.3,0.497,1.951,0.147,0.9531463160734437
10343.3,0.483,1.668,0.142,0.598086245415804
10343.3,0.411,1.769,0.143,0.8402999319438063
10343.3,0.466,1.631,0.11,0.9468173965617717
10343.3,0.458,1.518,0.129,0.889002822823435
10343.3,0.45,1.735,0.108,0.982094426778896
10343.4,0.4,1.566,0.142,0.9831658561837887
10343.4,0.449,1.666,0.142,0.6076043358157628
10343.4,0.438,1.553,0.122,0.6111732381817222
10343.4,0.424,1.809,0.147,0.9715735145598963
10343.5,0.476,1.77,0.106,0.7885396865748346
10343.5,0.415,1.755,0.108,0.8861846853902844
10343.5,0.439,1.685,0.136,0.558441785775501
10343.6,0.409,1.69,0.122,0.6085458612210437
10343.6,0.421,1.863,0.104,0.7352004142939226
10343.6,0.414,1.55,0.114,0.8359897568725205
10343.6,0.439,1.648,0.113,0.8540804210159365
10343.6,0.495,1.914,0.113,0.6147138572332318
10343.7,0.406,1.722,0.11,0.8540709749658142
10343.7,0.493,1.551,0.137,0.7787336529060047
10343.7,0.47,1.767,0.105,0.9745508220319079
10343.8,0.499,1.549,0.136,0.7404492318087987
10343.8,0.496,1.801,0.12,0.7735379871276379
10343.8,0.409,1.689,0.137,0.7221604711134569
10343.8,0.462,1.75,0.107,0.673240528205663
10343.9,0.408,1.832,0.13,0.9652488217242611
10343.9,0.448,1.725,0.134,0.918739272537506
10344.0,0.418,1.891,0.123,0.8313249585216472
10344.0,0.437,1.595,0.144,0.7865250677476749
10344.0,0.403,1.681,0.143,0.8425810917329898
10344.0,0.491,1.916,0.101,0.9693718743340919
10344.1,0.432,1.73,0.125,0.6722703714910772
10344.1,0.402,1.553,0.122,0.5110518874929979
10344.1,0.476,1.647,0.142,0.5831954893213647
10344.2,0.461,1.695,0.105,0.5174237118876748
10344.2,0.46,1.795,0.113,0.9620069151618985
10344.3,0.447,1.948,0.107,0.5938493669429721
10344.3,0.498,1.58,0.145,0.9697879353936917
10344.3,0.481,1.879,0.138,0.8445655158148392
10344.3,0.453,1.971,0.132,0.5626842351374075
10344.3,0.431,1.601,0.108,0.5918122611370806
10344.3,0.474,1.899,0.113,0.7524135977707347
10344.3,0.454,1.952,0.109,0.7346420266885896
10344.4,0.439,1.674,0.101,0.5549091771537068
10344.4,0.476,1.911,0.12,0.653935340562031
10344.4,0.493,1.725,0.109,0.7929607641191001
10344.5,0.482,1.817,0.131,0.6186205721575868
10344.5,0.486,1.812,0.103,0.844004899969045
10344.6,0.408,1.624,0.111,0.952417517890011
10344.7,0.442,1.891,0.147,0.9287707714639017
10344.7,0.433,1.966,0.107,0.564599219852958
10344.7,0.49,1.517,0.126,0.9011132886238831
10344.7,0.486,1.608,0.12,0.8198537646597044
10344.7,0.441,1.683,0.14,0.7339258737524025
10344.7,0.418,1.704,0.146,0.5093670352679873
10344.7,0.427,1.871,0.126,0.6022868310121479
10344.8,0.499,1.629,0.113,0.6629755639983117
10344.8,0.406,1.822,0.13,0.8293329741432522
10344.8,0.439,1.952,0.118,0.5110009951579646
10344.9,0.411,1.769,0.144,0.80219823717901
10344.9,0.421,1.606,0.113,0.5037098266840531
10344.9,0.499,1.698,0.117,0.5289853251708574
10344.9,0.433,1.775,0.103,0.975661304883954
10345.0,0.413,1.519,0.112,0.9914493849577999
10345.0,0.448,1.693,0.105,0.9400502301005597
10345.1,0.496,1.733,0.11,0.8511270916535143
10345.2,0.498,1.916,0.121,0.6256206346659624
10345.2,0.49,1.842,0.136,0.7786057872077041
10345.3,0.466,1.861,0.102,0.5916613558813044
10345.3,0.411,1.685,0.128,0.9817967952424098
10345.3,0.489,1.675,0.146,0.7197661081076276
10345.3,0.407,1.639,0.139,0.78249705563034
10345.3,0.49,1.878,0.149,0.8662974800246498
10345.4,0.411,1.754,0.147,0.9820703656639511
10345.5,0.453,1.7,0.131,0.6674735280968815
10345.5,0.469,1.578,0.127,0.6577867915267318
10345.7,0.467,1.636,0.13,0.5184666841629606
10345.7,0.411,1.52,0.137,0.8558324355172018
10345.7,0.419,1.595,0.114,0.7271530488543849
10345.7,0.431,1.829,0.109,0.6804188250656473
10345.8,0.493,1.965,0.103,0.799549361116628
10345.8,0.498,1.927,0.14,0.5218642962564755
10345.8,0.457,1.727,0.124,0.5602417502873884
10345.9,0.436,1.636,0.138,0.6809736609128634
10345.9,0.483,1.773,0.1,0.8344249977367583
10345.9,0.417,1.748,0.119,0.5439362268595672
10346.2,0.439,1.915,0.121,0.5639643946386536
10346.2,0.408,1.973,0.137,0.950381220136298
10346.2,0.436,1.61,0.136,0.5958254612553819
10346.3,0.462,1.97,0.138,0.7059576296570915
10346.3,0.453,1.962,0.146,0.581647247337858
10346.3,0.406,1.961,0.126,0.8157839686028809
10346.4,0.422,1.52,0.112,0.7523836898505325
10346.4,0.448,1.66,0.133,0.9313389372030121
10346.4,0.463,1.518,0.106,0.6758832409524234
10346.5,0.476,1.878,0.138,0.6589210134717
10346.5,0.41,1.532,0.119,0.9427767609608264
10346.6,0.481,1.594,0.137,0.5215908909501932
10346.6,0.482,1.882,0.114,0.7249542168112173
10346.6,0.486,1.74,0.1,0.6423271611845535
10346.7,0.481,1.728,0.111,0.6592937845942238
10346.7,0.488,1.518,0.137,0.9441539522317786
10346.8,0.433,1.739,0.127,0.986141609004725
10346.9,0.47,1.534,0.143,0.6350402784696496
10346.9,0.412,1.84,0.139,0.9942430807325533
10346.9,0.468,1.576,0.126,0.9258738227037431
10346.9,0.406,1.77,0.148,0.8309775324569779
10346.9,0.48,1.976,0.113,0.668988006388768
10346.9,0.474,1.893,0.118,0.5246925685349956
10347.0,0.481,1.834,0.103,0.9405931524128373
10347.0,0.456,1.648,0.112,0.9431001228718773
10347.0,0.439,1.515,0.143,0.8097910788501644
10347.1,0.418,1.62,0.143,0.8705182977909578
10347.1,0.448,1.708,0.119,0.9946811202351177
10347.2,0.466,1.584,0.144,0.5616276399220321
10347.3,0.463,1.679,0.13,0.9183518294538026
10347.3,0.402,1.88,0.103,0.9549358261951351
10347.3,0.467,1.83,0.115,0.8089374161778806
10347.3,0.494,1.686,0.132,0.8529651974366328
10347.3,0.436,1.719,0.121,0.5515341734445188
10347.3,0.441,1.807,0.146,0.5546493792675391
10347.4,0.494,1.693,0.111,0.9852107149223757
10347.4,0.488,1.819,0.147,0.9780825789975499
10347.4,0.422,1.655,0.136,0.7114223671888222
10347.4,0.469,1.824,0.143,0.9631115153276204
10347.5,0.442,1.532,0.107,0.5463501679201204
10347.5,0.491,1.944,0.115,0.7420727606569343
10347.5,0.412,1.571,0.119,0.7325981770819239
10347.5,0.452,1.964,0.123,0.7444797700958733
10347.5,0.406,1.835,0.123,0.9298087253761872
10347.6,0.403,1.853,0.145,0.515053416120977
10347.6,0.401,1.502,0.1,0.5560359238678383
10347.6,0.417,1.636,0.11,0.885595150899512
10347.6,0.403,1.869,0.103,0.9640383319539545
10347.6,0.409,1.871,0.137,0.7607416879730646
10347.6,0.481,1.799,0.143,0.9155603720362938
10347.7,0.418,1.867,0.131,0.6928928575843001
10347.7,0.4,1.879,0.124,0.7883186811346499
10347.8,0.482,1.686,0.118,0.5960687505117144
10347.8,0.447,1.641,0.133,0.6374985099150972
10347.8,0.483,1.801,0.109,0.5447339323412531
10347.8,0.439,1.512,0.12,0.6697422182951221
10347.8,0.482,1.797,0.115,0.9377383194160991
10347.8,0.465,1.537,0.144,0.5831776851754146
10347.9,0.417,1.878,0.117,0.9353863460055871
10347.9,0.403,1.778,0.149,0.793783184802274
10347.9,0.412,1.875,0.143,0.6998219399226765
10348.0,0.497,1.576,0.113,0.5047626264648772
10348.1,0.409,1.99,0.124,0.9280346292775055
10348.1,0.458,1.696,0.147,0.9842262474889534
10348.2,0.474,1.918,0.13,0.9915419083298225
10348.2,0.485,1.943,0.101,0.8736728434833976
10348.2,0.483,1.507,0.133,0.9366238581457436
10348.2,0.468,1.524,0.109,0.920440467507357
10348.3,0.412,1.778,0.12,0.7261308510137681
10348.3,0.466,1.681,0.103,0.5057567435584762
10348.3,0.4,1.997,0.137,0.5915601404796799
10348.3,0.431,1.756,0.145,0.8280523445253517
10348.3,0.481,1.661,0.112,0.974910771392151
10348.3,0.46,1.58,0.105,0.8886993339620246
10348.4,0.413,1.716,0.14,0.6576117550018837
10348.4,0.496,1.67,0.141,0.5397911284225605
10348.4,0.405,1.581,0.122,0.9937490523988428
10348.4,0.419,1.948,0.124,0.8208879902098609
10348.4,0.489,1.649,0.109,0.886752925628939
10348.4,0.468,1.87,0.127,0.8090788225919352
10348.5,0.482,1.828,0.109,0.8844177895537287
10348.5,0.461,1.664,0.146,0.8994766118575338
10348.5,0.496,1.545,0.134,0.668259222789975
10348.5,0.431,1.566,0.102,0.5798608054730552
10348.5,0.472,1.984,0.11,0.8327637306574136
10348.5,0.457,1.708,0.123,0.615250220463312
10348.5,0.431,1.929,0.112,0.5601260959743526
10348.5,0.461,1.924,0.101,0.7257130661505606
10348.6,0.468,1.845,0.111,0.5626387676443954
10348.6,0.444,1.837,0.114,0.5037822909645634
10348.6,0.432,1.547,0.112,0.640206731759182
10348.6,0.428,1.54,0.131,0.803145453243775
10348.7,0.41,1.682,0.146,0.6847668701959075
10348.7,0.42,1.885,0.13,0.8360272628951161
10348.7,0.449,1.911,0.144,0.6708974837382115
10348.8,0.49,1.936,0.124,0.9442845908688502
10348.8,0.444,1.586,0.143,0.65880934930866
10348.8,0.493,1.593,0.104,0.5270213100288036
10348.8,0.495,1.814,0.135,0.9024321553190975
10348.9,0.473,1.997,0.133,0.7216973402890887
10349.0,0.463,1.528,0.128,0.749103023118483
10349.0,0.412,1.962,0.121,0.8129172220078651
10349.1,0.403,1.984,0.113,0.5648579285335131
10349.1,0.453,1.879,0.143,0.7285126614422494
10349.1,0.428,1.96,0.117,0.6966765232963221
10349.1,0.482,1.919,0.1,0.9728238562583584
10349.1,0.45,1.603,0.103,0.6301078705628809
10349.2,0.416,1.968,0.133,0.8324153423675161
10349.2,0.412,1.627,0.113,0.9131036388036042
10349.2,0.475,1.979,0.115,0.8404121142049408
10349.2,0.448,1.642,0.106,0.9708568494660561
10349.2,0.473,1.927,0.146,0.5587031780296159
10349.3,0.433,1.87,0.149,0.6046089778981892
10349.3,0.404,1.7,0.122,0.7675859736586592
10349.3,0.429,1.785,0.115,0.8076397627669938
10349.4,0.497,1.513,0.121,0.7730853963320738
10349.5,0.415,1.875,0.103,0.8704623047980828
10349.5,0.457,1.875,0.12,0.5838770315621735
10349.5,0.445,1.737,0.131,0.7358611041924046
10349.5,0.411,1.776,0.103,0.580209082450497
10349.6,0.444,1.666,0.111,0.8632501805443316
10349.6,0.45,1.91,0.114,0.738101913174535
10349.6,0.451,1.505,0.132,0.9028487263216405
10349.6,0.419,1.979,0.137,0.6584266608175684
10349.7,0.416,1.857,0.148,0.851255140937127
10349.7,0.44,1.536,0.119,0.9446954254714901
10349.7,0.491,1.772,0.147,0.8815130924749472
10349.7,0.455,1.975,0.112,0.5208282673981448
10349.7,0.472,1.513,0.133,0.736498118398875
10349.8,0.452,1.857,0.148,0.814178718068048
10349.8,0.487,1.626,0.102,0.9888699655256014
10349.8,0.462,1.573,0.137,0.6994320333276869
10349.8,0.437,1.54,0.11,0.6248726786949613
10349.9,0.422,1.878,0.114,0.7426121724681185
10350.0,0.49,1.713,0.149,0.7080777387633009
10350.0,0.407,1.556,0.122,0.7416518249461879
10350.1,0.481,1.935,0.147,0.7865147206298977
10350.2,0.405,1.687,0.149,0.8648442018727995
10350.2,0.443,1.515,0.138,0.8961259008964122
10350.2,0.458,1.591,0.12,0.6841929276916987
10350.3,0.407,1.965,0.109,0.7310562377171343
10350.3,0.487,1.578,0.101,0.9118372745669079
10350.3,0.468,1.716,0.145,0.6704475396998323
10350.3,0.417,1.659,0.141,0.7847374440591383
10350.4,0.499,1.98,0.103,0.5740796366257667
10350.4,0.428,1.646,0.125,0.8433979393325403
10350.4,0.451,1.702,0.144,0.7506433044312995
10350.4,0.418,1.741,0.14,0.7469395477421077
10350.4,0.459,1.606,0.116,0.9534058205446809
10350.4,0.459,1.77,0.104,0.5686324101963887
10350.4,0.481,1.896,0.144,0.852891740019535
10350.4,0.486,1.759,0.128,0.7599546288127754
10350.5,0.43,1.822,0.108,0.9236657263168585
10350.5,0.429,1.527,0.102,0.7581288945221881
10350.5,0.43,1.973,0.124,0.5968650934782076
10350.5,0.485,1.879,0.148,0.801861979076242
10350.5,0.495,1.777,0.137,0.9461836529112668
10350.6,0.484,1.854,0.116,0.9148907758884959
10350.7,0.41,1.506,0.141,0.9601308341674775
10350.7,0.42,1.66,0.123,0.649000091014449
10350.7,0.447,1.511,0.128,0.9137913204176934
10350.7,0.457,1.516,0.129,0.9456866818820111
10350.7,0.432,1.831,0.131,0.5303512401548989
10350.8,0.437,1.814,0.138,0.5130651292080353
10350.8,0.44,1.562,0.119,0.8648608055844602
10350.8,0.469,1.66,0.143,0.58705442010635
10350.8,0.415,1.552,0.115,0.7587667712579492
10350.8,0.421,1.673,0.105,0.5163970559928817
10350.8,0.427,1.72,0.113,0.5625713297593146
10350.8,0.491,1.583,0.141,0.6684272748815444
10350.9,0.436,1.747,0.103,0.9440060943640276
10350.9,0.485,1.855,0.136,0.8541420586105701
10351.0,0.491,1.727,0.1,0.6839003133990543
10351.0,0.463,1.977,0.149,0.8807366054449199
10351.1,0.427,1.503,0.12,0.7132356975540133
10351.1,0.485,1.898,0.131,0.8054220438836848
10351.2,0.472,1.739,0.107,0.5896667011520718
10351.2,0.462,1.866,0.131,0.7863987166921397
10351.3,0.438,1.659,0.106,0.7411365858793955
10351.3,0.45,1.668,0.119,0.7673923239431799
10351.3,0.446,1.583,0.133,0.6335071781045457
10351.4,0.438,1.598,0.121,0.8846958897967744
10351.4,0.493,1.77,0.14,0.8170463113008637
10351.5,0.422,1.545,0.141,0.6399161396985366
10351.5,0.465,1.834,0.105,0.9111582456448909
10351.6,0.442,1.677,0.112,0.6839289184346049
10351.6,0.462,1.734,0.129,0.9356682547461834
10351.6,0.413,1.538,0.13,0.9209808811649566
10351.6,0.471,1.633,0.134,0.9957428361399536
10351.6,0.491,1.55,0.122,0.711262898084932
10351.6,0.482,1.887,0.109,0.8277670431131563
10351.7,0.473,1.543,0.136,0.9111803719951794
10351.7,0.419,1.652,0.136,0.5010274620843247
10351.7,0.467,1.743,0.129,0.5008177155264943
10351.7,0.425,1.572,0.114,0.7602487730080165
10351.7,0.458,1.531,0.143,0.5216814680094299
10351.7,0.469,1.501,0.115,0.5107318842760187
10351.8,0.424,1.788,0.133,0.6406803321970185
10351.8,0.47,1.833,0.109,0.6347310289267947
10351.8,0.43,1.643,0.105,0.5975883633073477
10351.8,0.484,1.895,0.148,0.9439852274590783
10351.8,0.4,1.855,0.122,0.9852570613546441
10351.8,0.455,1.777,0.132,0.5421185226797811
10351.9,0.464,1.541,0.108,0.8337377630656194
10351.9,0.486,1.686,0.143,0.9607276249201493
10352.0,0.446,1.879,0.137,0.5549840629746704
10352.0,0.405,1.666,0.104,0.9334446456395258
10352.1,0.452,1.641,0.101,0.8445675557601304
10352.2,0.412,1.641,0.138,0.521787813451278
10352.2,0.476,1.84,0.145,0.9054419856284708
10352.2,0.484,1.626,0.146,0.7988767509397519
10352.3,0.454,1.658,0.111,0.6762253928920552
10352.3,0.4,1.503,0.105,0.6409296595453152
10352.3,0.407,1.99,0.107,0.846907548741836
10352.4,0.428,1.543,0.132,0.6660646719736475
10352.4,0.433,1.905,0.12,0.856686592537083
10352.4,0.456,1.859,0.108,0.5365497519942095
10352.4,0.453,1.793,0.121,0.6005922574736555
10352.4,0.457,1.707,0.107,0.8429152023561601
10352.5,0.457,1.633,0.148,0.7920585573222256
10352.5,0.437,1.76,0.147,0.8964246179252092
10352.5,0.43,1.883,0.145,0.9974272005588645
10352.5,0.418,1.627,0.125,0.9217852636277866
10352.5,0.446,1.585,0.12,0.706920111569926
10352.7,0.462,1.525,0.107,0.8450381480854864
10352.7,0.454,1.575,0.143,0.6314766230635533
10352.7,0.438,1.845,0.145,0.7759742154178775
10352.7,0.463,1.729,0.134,0.9681710238058148
10352.7,0.416,1.981,0.127,0.7749739622451249
10352.8,0.427,1.931,0.132,0.6901471472762035
10352.9,0.446,1.563,0.119,0.617506237447525
10352.9,0.431,1.918,0.137,0.5382136717066085
10352.9,0.497,1.614,0.149,0.5056807143522197
10353.0,0.473,1.592,0.146,0.898839336368896
10353.0,0.473,1.734,0.134,0.8334170337599365
10353.1,0.411,1.951,0.102,0.9555542762099102
10353.2,0.456,1.775,0.12,0.5009573476568446
10353.2,0.494,1.677,0.149,0.7464163214766479
10353.3,0.454,1.554,0.121,0.931618618694253
10353.3,0.435,1.931,0.13,0.7791863677180478
10353.3,0.479,1.591,0.118,0.5093557460872755
10353.3,0.401,1.785,0.117,0.809203144108178
10353.3,0.465,1.627,0.144,0.6952377733002674
10353.4,0.425,1.572,0.149,0.5353590508604361
10353.4,0.471,1.547,0.12,0.9659573426831753
10353.5,0.445,1.775,0.117,0.8487399823921543
10353.5,0.452,1.941,0.119,0.6660018507549346
10353.5,0.407,1.678,0.139,0.5213958721717895
10353.5,0.453,1.686,0.121,0.678324769167298
10353.5,0.416,1.997,0.112,0.5159915744905609
10353.5,0.461,1.932,0.125,0.6137603476352304
10353.6,0.459,1.693,0.132,0.9641359313346305
10353.6,0.411,1.941,0.132,0.5119407094374551
10353.6,0.427,1.745,0.108,0.8608099482237332
10353.7,0.401,1.883,0.141,0.6316553370748361
10353.7,0.44,1.884,0.109,0.852884548344153
10353.7,0.49,1.877,0.135,0.9600239503652681
10353.8,0.468,1.971,0.146,0.9603579005516678
10353.8,0.443,1.667,0.111,0.5758312615160985
10353.8,0.488,1.81,0.129,0.8378327158634042
10353.8,0.421,1.879,0.143,0.6860947856407122
10353.9,0.404,1.771,0.121,0.9582471374007882
10353.9,0.479,1.522,0.128,0.8390671507715146
10353.9,0.425,1.721,0.116,0.6437948134648419
10354.0,0.457,1.59,0.101,0.9677833966872296
10354.1,0.438,1.615,0.133,0.9177112765809781
10354.1,0.467,1.89,0.14,0.9931632408599085
10354.1,0.496,1.693,0.145,0.8225869064168905
10354.2,0.488,1.705,0.111,0.8501957775095259
10354.2,0.496,1.743,0.114,0.5824041990667167
10354.2,0.411,1.86,0.118,0.9914048750542073
10354.2,0.418,1.593,0.103,0.9228627337040812
10354.2,0.419,1.549,0.1,0.8064292041092503
10354.3,0.45,1.591,0.129,0.5869609055889385
10354.3,0.482,1.621,0.146,0.8610248109873928
10354.4,0.495,1.856,0.142,0.8196876659801242
10354.4,0.457,1.909,0.124,0.9519351415302344
10354.4,0.491,1.969,0.109,0.5409140952492371
10354.4,0.491,1.567,0.148,0.711248654667838
10354.4,0.495,1.947,0.112,0.5010309290821177
10354.5,0.48,1.822,0.146,0.6915696201514782
10354.7,0.403,1.683,0.111,0.7549911576852704
10354.7,0.411,1.738,0.123,0.5101128760045371
10354.7,0.446,1.607,0.138,0.5170042157751924
10354.8,0.484,1.739,0.103,0.6946829023991635
10354.8,0.411,1.679,0.143,0.7115472990892198
10354.9,0.402,1.685,0.114,0.9212247968270686
10354.9,0.454,1.845,0.111,0.8720098753519092
10354.9,0.405,1.533,0.14,0.8701199375813042
10354.9,0.454,1.592,0.139,0.8510590115071992
10354.9,0.489,1.769,0.142,0.56462887080865
10355.0,0.461,1.979,0.135,0.721478698841306
10355.1,0.483,1.743,0.114,0.7110621480241224
10355.1,0.452,1.79,0.145,0.6278807918674989
10355.2,0.489,1.906,0.144,0.6118658213335955
10355.2,0.426,1.963,0.136,0.7777483697891705
10355.2,0.433,1.909,0.137,0.87346010699046
10355.2,0.487,1.628,0.138,0.646554156941676
10355.3,0.446,1.995,0.106,0.7501665270327708
10355.3,0.493,1.905,0.139,0.8628774463226994
10355.3,0.444,1.992,0.123,0.6281381769074685
10355.3,0.496,1.865,0.147,0.900055068939836
10355.3,0.421,1.77,0.122,0.5002698690803102
10355.3,0.443,1.969,0.119,0.9352899976918536
10355.4,0.419,1.528,0.139,0.7860494889437215
10355.4,0.476,1.561,0.145,0.5214111812986808
10355.4,0.436,1.731,0.136,0.9347499327884117
10355.5,0.451,1.602,0.104,0.6603711307586458
10355.6,0.438,1.892,0.112,0.7025155535176314
10355.6,0.419,1.949,0.143,0.6317016679753007
10355.6,0.462,1.883,0.102,0.7791468451383646
10355.6,0.43,1.797,0.144,0.5239041686860031
10355.7,0.46,1.789,0.13,0.7307003594434832
10355.7,0.436,1.774,0.133,0.5340124464775007
10355.8,0.487,1.501,0.113,0.8444556680999348
10355.8,0.427,1.804,0.148,0.6005534894906008
10355.8,0.469,1.834,0.1,0.8491841178685174
10355.9,0.482,1.657,0.104,0.5309773474246473
10355.9,0.419,1.646,0.12,0.8898509143045836
10355.9,0.462,1.602,0.122,0.7212628053824927
10355.9,0.41,1.724,0.143,0.5480315208486672
10355.9,0.411,1.62,0.112,0.7639161273764934
10356.0,0.464,1.77,0.144,0.9594401063920448
10356.0,0.496,1.703,0.104,0.7790063007455541
10356.1,0.492,1.618,0.101,0.5515169183247508
10356.1,0.446,1.693,0.105,0.5637593855945306
10356.1,0.474,1.604,0.132,0.8639416089702887
10356.2,0.408,1.636,0.139,0.5339363813675835
10356.2,0.44,1.964,0.117,0.8140132414161219
10356.2,0.402,1.81,0.107,0.9921735975594275
10356.3,0.457,1.783,0.147,0.8041155088559889
10356.4,0.449,1.831,0.124,0.6392241104239342
10356.4,0.494,1.609,0.13,0.5912144794781292
10356.4,0.465,1.818,0.145,0.9890065771841401
10356.5,0.426,1.599,0.123,0.8839088354336728
10356.5,0.434,1.547,0.1,0.7369563870287696
10356.5,0.454,1.886,0.14,0.5021016301483747
10356.5,0.422,1.77,0.143,0.6900038409115552
10356.6,0.482,1.784,0.13,0.5186498225789464
10356.6,0.465,1.91,0.122,0.8872424299783606
10356.6,0.464,1.97,0.116,0.575188372480999
10356.6,0.489,1.775,0.131,0.6370469179563176
10356.6,0.458,1.793,0.121,0.8315421366332567
10356.6,0.406,1.644,0.127,0.5314955228808718
10356.6,0.495,1.958,0.131,0.5530758748508674
10356.7,0.42,1.729,0.147,0.6308209014903317
10356.7,0.417,1.723,0.147,0.9627566129579928
10356.8,0.487,1.957,0.101,0.7052833392810418
10356.8,0.414,1.851,0.143,0.9493419869869786
10356.8,0.42,1.729,0.113,0.8561860144685177
10356.9,0.487,1.842,0.133,0.5065268025129976
10356.9,0.4,1.786,0.1,0.9383891279427394
10357.0,0.492,1.915,0.132,0.962664531623769
10357.1,0.486,1.658,0.131,0.9628199796967302
10357.2,0.455,1.515,0.148,0.7511420018903927
10357.2,0.432,1.912,0.119,0.8298871499047092
10357.2,0.451,1.998,0.137,0.9728916911389689
10357.2,0.422,1.854,0.13,0.6876472419831967
10357.2,0.411,1.993,0.117,0.5147040986155533
10357.3,0.414,1.628,0.124,0.9889341327070106
10357.3,0.449,1.808,0.112,0.9279476932872956
10357.3,0.429,1.902,0.138,0.9036337110509753
10357.3,0.461,1.868,0.141,0.9026248106144497
10357.3,0.488,1.702,0.136,0.5820382460822803
10357.3,0.41,1.56,0.141,0.7395989320161632
10357.4,0.421,1.932,0.126,0.7933666940948954
10357.4,0.457,1.962,0.141,0.8676505624762154
10357.4,0.489,1.812,0.121,0.8683325616229794
10357.4,0.464,1.973,0.116,0.5400305069622312
10357.4,0.444,1.849,0.13,0.8847916004724501
10357.5,0.496,1.857,0.115,0.6440177866521937
10357.5,0.466,1.589,0.121,0.8789270044350725
10357.5,0.431,1.949,0.134,0.628152820196465
10357.6,0.439,1.785,0.141,0.6447588217830396
10357.6,0.482,1.92,0.145,0.5374028305818306
10357.6,0.481,1.948,0.129,0.8604911292607588
10357.7,0.406,1.702,0.144,0.9811108961767898
10357.7,0.408,1.643,0.141,0.5581320693792065
10357.8,0.458,1.611,0.132,0.6175624277482674
10357.8,0.415,1.6,0.103,0.8200198713921785
10357.8,0.45,1.556,0.121,0.7891638201670237
10357.8,0.414,1.674,0.136,0.6616124298207617
10357.9,0.475,1.78,0.124,0.5269820029411493
10357.9,0.458,1.633,0.101,0.79403713797825
10357.9,0.471,1.529,0.111,0.700440098176144
10357.9,0.474,1.784,0.111,0.7104454178492162
10357.9,0.484,1.569,0.148,0.8252571877451735
10358.0,0.476,1.525,0.138,0.6527897219389547
10358.0,0.489,1.86,0.146,0.514892679326978
10358.1,0.447,1.764,0.136,0.9296654558224687
10358.1,0.491,1.698,0.114,0.8620144411638031
10358.1,0.443,1.618,0.102,0.862345002532694
10358.2,0.431,1.887,0.115,0.5120985997117213
10358.2,0.452,1.974,0.134,0.5813642827277969
10358.2,0.482,1.893,0.11,0.8439789033428873
10358.3,0.424,1.561,0.134,0.8401117757251257
10358.3,0.464,1.891,0.133,0.8529246328569937
10358.3,0.481,1.801,0.102,0.6575192575865295
10358.4,0.441,1.803,0.1,0.7110800754474622
10358.4,0.449,1.731,0.141,0.704831122405609
10358.4,0.462,1.745,0.149,0.5654239165748361
10358.4,0.438,1.699,0.127,0.7555987290907678
10358.4,0.469,1.598,0.139,0.6527814180042601
10358.4,0.458,1.693,0.149,0.5002176835230436
10358.4,0.486,1.798,0.107,0.5225553283878928
10358.5,0.498,1.886,0.142,0.7132477322392887
10358.5,0.44,1.807,0.1,0.6278224707415115
10358.5,0.467,1.807,0.11,0.9033168913307243
10358.5,0.463,1.519,0.139,0.9653292575329572
10358.5,0.444,1.757,0.141,0.6193495231413316
10358.5,0.458,1.591,0.135,0.5249783419211507
10358.5,0.496,1.627,0.109,0.8953988545165845
10358.5,0.456,1.869,0.106,0.6330165597184997
10358.6,0.492,1.744,0.125,0.9630545014829777
10358.6,0.466,1.631,0.112,0.74331258457748
10358.6,0.436,1.812,0.117,0.9282450876311903
10358.6,0.411,1.946,0.126,0.8900107495601376
10358.6,0.415,1.668,0.11,0.868893757599886
10358.6,0.44,1.999,0.107,0.6884936655605625
10358.7,0.474,1.693,0.106,0.5425233265091224
10358.7,0.408,1.571,0.11,0.5234744052006532
10358.7,0.469,1.765,0.111,0.8438928693018843
10358.7,0.489,1.925,0.107,0.7535393445716885
10358.8,0.437,1.813,0.111,0.7492863561873668
10358.8,0.472,1.97,0.147,0.8553875736388874
10358.8,0.4,1.588,0.126,0.8257719987710034
10358.8,0.427,1.571,0.134,0.9520687615964609
10358.9,0.465,1.523,0.132,0.5768816984172385
10358.9,0.443,1.717,0.149,0.6889340952264766
10358.9,0.451,1.785,0.11,0.827440215635513
10359.0,0.466,1.969,0.14,0.5616173236101573
10359.1,0.401,1.507,0.124,0.6216922215652421
10359.1,0.435,1.705,0.135,0.9971994804617041
10359.1,0.456,1.557,0.128,0.8042293501934488
10359.1,0.423,1.539,0.145,0.7985232206127916
10359.2,0.463,1.701,0.107,0.7138819663261611
10359.2,0.433,1.823,0.129,0.801396472873389
10359.2,0.466,1.868,0.111,0.8758151105254124
10359.3,0.467,1.661,0.142,0.5396294523047183
10359.3,0.48,1.582,0.129,0.8684653093953648
10359.3,0.428,1.844,0.139,0.977190150196469
10359.4,0.498,1.676,0.111,0.8741742609362164
10359.4,0.412,1.519,0.126,0.6236145544221124
10359.4,0.429,1.744,0.126,0.983471925484003
10359.4,0.427,1.689,0.112,0.7459064801090172
10359.4,0.409,1.686,0.105,0.6974549822637564
10359.4,0.496,1.584,0.12,0.6841133217527924
10359.5,0.416,1.929,0.11,0.5611451511363486
10359.5,0.468,1.829,0.145,0.9062564316786073
10359.5,0.434,1.668,0.143,0.7257062787013918
10359.5,0.483,1.951,0.132,0.665110272157933
10359.5,0.487,1.509,0.109,0.8262369444919058
10359.6,0.411,1.511,0.129,0.86272307408421
10359.6,0.405,1.506,0.148,0.529354849103749
10359.6,0.49,1.767,0.147,0.5528458077498632
10359.7,0.491,1.732,0.105,0.5281925860288453
10359.7,0.483,1.608,0.147,0.5247803560765583
10359.7,0.484,1.641,0.105,0.6732141035300478
10359.8,0.463,1.506,0.102,0.7959829093380826
10359.8,0.418,1.845,0.149,0.8514210466441888
10359.8,0.47,1.821,0.112,0.7594580594412517
10359.8,0.483,1.9,0.114,0.7395504066177613
10359.9,0.414,1.998,0.139,0.5601050946646815
10359.9,0.477,1.992,0.117,0.7686469383144812
10360.0,0.416,1.91,0.123,0.7815865105826251
10360.0,0.471,1.993,0.127,0.7837735686368319
10360.1,0.438,1.993,0.148,0.5163486465496001
10360.1,0.469,1.958,0.112,0.9305609357215485
10360.1,0.485,1.932,0.148,0.6419072084518658
10360.1,0.493,1.625,0.143,0.7883089226099829
10360.2,0.482,1.885,0.125,0.7840682097682053
10360.2,0.493,1.881,0.12,0.5589927513923759
10360.2,0.443,1.827,0.115,0.7371171621060202
10360.2,0.426,1.635,0.112,0.6742248990680961
10360.2,0.431,1.975,0.115,0.5163651742942429
10360.2,0.431,1.597,0.139,0.9883071556249742
10360.3,0.439,1.941,0.1,0.5792201849242182
10360.3,0.4,1.864,0.147,0.8342947195932153
10360.3,0.486,1.56,0.101,0.6316258132753714
10360.4,0.48,1.598,0.109,0.814681805330487
10360.4,0.462,1.685,0.127,0.6494596212704801
10360.4,0.409,1.783,0.101,0.9889839282703493
10360.4,0.474,1.939,0.122,0.8953297113927998
10360.4,0.433,1.792,0.127,0.9838558520714167
10360.5,0.406,1.785,0.14,0.8105522770349924
10360.5,0.465,1.925,0.121,0.5326670780982503
10360.5,0.402,1.804,0.148,0.8208686338058355
10360.5,0.491,1.665,0.101,0.627969827673617
10360.5,0.428,1.997,0.14,0.5968630507305295
10360.6,0.404,1.745,0.108,0.8893944594976533
10360.6,0.463,1.92,0.134,0.7481575674273175
10360.6,0.432,1.924,0.104,0.7364908414012682
10360.7,0.492,1.804,0.13,0.5884895656827516
10360.7,0.401,1.863,0.117,0.6623913206761007
10360.8,0.446,1.91,0.107,0.835865160871162
10360.8,0.402,1.612,0.126,0.7482517082193918
10360.9,0.439,1.883,0.112,0.9727452606218523
10360.9,0.441,1.727,0.144,0.6938025234998838
10360.9,0.457,1.939,0.118,0.8391934080860052
10360.9,0.421,1.501,0.109,0.5032599903735295
10361.0,0.477,1.627,0.134,0.5671570162517865
10361.0,0.469,1.951,0.143,0.943577837839645
10361.0,0.499,1.779,0.145,0.9336184370431289
10361.0,0.457,1.845,0.133,0.5953015879389354
10361.1,0.452,1.828,0.128,0.914792756183741
10361.1,0.413,1.553,0.148,0.6764009271039073
10361.1,0.43,1.594,0.148,0.5258174111837133
10361.2,0.498,1.951,0.139,0.6135029859449994
10361.2,0.425,1.787,0.127,0.6229587055578543
10361.2,0.45,1.762,0.145,0.5828276337634816
10361.2,0.432,1.67,0.102,0.7083225610589423
10361.4,0.482,1.519,0.111,0.775572269660342
10361.4,0.43,1.623,0.135,0.6438544622082674
10361.4,0.484,1.617,0.114,0.6919937156643876
10361.5,0.499,1.51,0.106,0.5390556185983315
10361.5,0.41,1.875,0.104,0.7445715913529993
10361.5,0.497,1.848,0.117,0.8768890793787154
10361.5,0.414,1.55,0.108,0.716424490559301
10361.5,0.435,1.684,0.112,0.6483450633046661
10361.6,0.408,1.632,0.113,0.8995719608767871
10361.6,0.439,1.577,0.121,0.7100585668445507
10361.6,0.491,1.943,0.127,0.8116991975814565
10361.6,0.427,1.682,0.103,0.541148929555318
10361.6,0.476,1.808,0.141,0.6875815805992813
10361.7,0.484,1.62,0.144,0.8718320475440027
10361.7,0.403,1.662,0.102,0.5502419512477199
10361.8,0.439,1.775,0.135,0.5828057491235614
10361.8,0.496,1.74,0.137,0.9413463811767315
10361.8,0.462,1.511,0.104,0.994045395189878
10361.9,0.458,1.637,0.12,0.673339747762864
10361.9,0.412,1.651,0.148,0.5795479480945553
10361.9,0.446,1.955,0.132,0.6685279509834554
10361.9,0.475,1.535,0.137,0.7106775395380311
10362.0,0.493,1.701,0.125,0.6999667880512761
10362.0,0.483,1.573,0.147,0.550752575105541
10362.0,0.422,1.666,0.111,0.858917094293878
10362.0,0.486,1.878,0.104,0.5355346383374651
10362.0,0.422,1.852,0.143,0.8358206539821766
10362.1,0.41,1.58,0.111,0.7816986004883129
10362.1,0.483,1.935,0.149,0.6234982408727733
10362.1,0.421,1.502,0.118,0.5121842739156834
10362.1,0.443,1.987,0.14,0.7833663032835654
10362.2,0.407,1.563,0.13,0.8222967377946415
10362.3,0.411,1.567,0.14,0.9181609106545521
10362.3,0.417,1.539,0.144,0.607801295135644
10362.3,0.456,1.547,0.136,0.6690470255138393
10362.4,0.459,1.943,0.1,0.7953960916660849
10362.4,0.48,1.542,0.148,0.9731817989955385
10362.4,0.447,1.569,0.137,0.8605091339754694
10362.4,0.455,1.683,0.141,0.8503894656357802
10362.4,0.497,1.538,0.12,0.6866228239293376
10362.5,0.468,1.7,0.13,0.6411052919504008
10362.5,0.43,1.905,0.137,0.6344641411515852
10362.5,0.417,1.931,0.102,0.8219191910055927
10362.6,0.408,1.663,0.136,0.967056420609864
10362.6,0.478,1.654,0.121,0.6910898566876269
10362.8,0.473,1.533,0.128,0.7561391537699556
10362.8,0.489,1.82,0.102,0.6986189611624631
10362.8,0.472,1.811,0.115,0.6930369910014587
10362.8,0.466,1.854,0.133,0.9372234415613814
10362.9,0.459,1.6,0.134,0.5399758103194724
10362.9,0.486,1.591,0.11,0.5270250376398288
10362.9,0.48,1.758,0.117,0.9978248611836535
10363.0,0.468,1.71,0.13,0.5276094454277291
10363.0,0.437,1.991,0.133,0.5264106120037368
10363.0,0.471,1.865,0.113,0.9802100881956867
10363.0,0.438,1.775,0.107,0.6576682635518658
10363.0,0.481,1.592,0.135,0.7037824145395133
10363.0,0.437,1.572,0.114,0.9497822064170651
10363.1,0.473,1.534,0.14,0.684222495410157
10363.1,0.495,1.715,0.113,0.7473336866204918
10363.1,0.481,1.663,0.146,0.8062689838775801
10363.1,0.402,1.856,0.122,0.7513073189123322
10363.1,0.434,1.508,0.114,0.9340605100643695
10363.2,0.432,1.856,0.122,0.9772209307399504
10363.2,0.49,1.972,0.147,0.7879320306961541
10363.2,0.497,1.917,0.129,0.7527849602128351
10363.2,0.413,1.655,0.149,0.7925779438360636
10363.3,0.407,1.755,0.112,0.7798792279547079
10363.4,0.427,1.798,0.103,0.7480189960473136
10363.4,0.432,1.793,0.136,0.5676944889733078
10363.4,0.479,1.819,0.122,0.5355865915568769
10363.4,0.455,1.959,0.1,0.7240273661689496
10363.5,0.437,1.771,0.134,0.9189500992796787
10363.5,0.489,1.801,0.102,0.870826055823417
10363.5,0.434,1.812,0.135,0.6770897657096228
10363.6,0.416,1.563,0.105,0.8891747766436308
10363.6,0.45,1.814,0.136,0.6583558692806107
10363.6,0.486,1.958,0.112,0.9377302459731236
10363.6,0.488,1.917,0.137,0.642306290643623
10363.7,0.447,1.699,0.11,0.8403253094858338
10363.7,0.491,1.738,0.147,0.6270982129566811
10363.7,0.483,1.709,0.124,0.5075931098140389
10363.7,0.492,1.706,0.136,0.5590545715582558
10363.7,0.4,1.759,0.147,0.8561192874304155
10363.7,0.443,1.805,0.11,0.6342531870108226
10363.7,0.423,1.867,0.136,0.9736851164154782
10363.8,0.489,1.563,0.127,0.69757203119529
10363.9,0.417,1.645,0.107,0.5501885577966146
10363.9,0.492,1.81,0.128,0.9230322074668386
10363.9,0.42,1.699,0.125,0.5666222767402613
10363.9,0.452,1.963,0.143,0.933874157029559
10363.9,0.413,1.778,0.13,0.6579292252234953
10363.9,0.454,1.766,0.149,0.8812654718168472
10364.0,0.463,1.763,0.147,0.5629364799070669
10364.0,0.406,1.677,0.124,0.6268625537403304
10364.0,0.454,1.538,0.127,0.5952932352031408
10364.0,0.495,1.979,0.132,0.5953951787398233
10364.0,0.454,1.886,0.123,0.9954239358484139
10364.0,0.437,1.745,0.118,0.6395366512488754
10364.1,0.439,1.772,0.126,0.9819177258537801
10364.1,0.445,1.653,0.115,0.9380659548636456
10364.2,0.411,1.884,0.119,0.6321913299830124
10364.3,0.425,1.888,0.131,0.9388200227289466
10364.3,0.467,1.529,0.14,0.9406731841294671
10364.3,0.459,1.752,0.132,0.9460082142510189
10364.3,0.424,1.537,0.129,0.9628271764530827
10364.3,0.454,1.69,0.101,0.5243485556938686
10364.4,0.492,1.584,0.122,0.5661393928442018
10364.4,0.422,1.82,0.117,0.6359046904330288
10364.4,0.442,1.922,0.101,0.6557957766698939
10364.4,0.49,1.93,0.11,0.733742646822934
10364.4,0.402,1.851,0.116,0.5685175727200691
10364.5,0.427,1.522,0.108,0.6709047742656067
10364.5,0.476,1.742,0.105,0.7025377808968127
10364.6,0.439,1.557,0.11,0.9651796925358297
10364.6,0.411,1.563,0.112,0.891883653081592
10364.7,0.408,1.822,0.138,0.8503640713866634
10364.7,0.412,1.626,0.102,0.7635068638771482
10364.7,0.405,1.628,0.138,0.5056577290096786
10364.7,0.476,1.875,0.128,0.6698139435395684
10364.8,0.459,1.792,0.146,0.6455808814951776
10364.8,0.48,1.644,0.131,0.5455687866822553
10364.8,0.419,1.65,0.143,0.5086618289417191
10364.9,0.456,1.63,0.111,0.9033030482245306
10364.9,0.457,1.999,0.111,0.9617320684802892
10364.9,0.452,1.669,0.11,0.6279460417300889
10364.9,0.409,1.784,0.142,0.7439752237037374
10364.9,0.459,1.552,0.11,0.8430705677028163
10364.9,0.436,1.9,0.147,0.5834868343735049
10365.0,0.466,1.689,0.128,0.5020647548207343
10365.1,0.439,1.785,0.122,0.7779313772013385
10365.2,0.494,1.698,0.102,0.5512700874035155
10365.2,0.457,1.736,0.106,0.6385587797652713
10365.2,0.425,1.964,0.104,0.8702421007385185
10365.3,0.452,1.773,0.134,0.6917600288807445
10365.3,0.483,1.877,0.143,0.5460418324384504
10365.3,0.425,1.906,0.105,0.9679792637820778
10365.4,0.415,1.937,0.111,0.8463827173957397
10365.4,0.406,1.588,0.147,0.7967821461671915
10365.4,0.462,1.78,0.118,0.766587580222059
10365.4,0.459,1.657,0.111,0.5966117800001921
10365.4,0.483,1.934,0.119,0.518218177287361
10365.4,0.466,1.907,0.13,0.5311975732514569
10365.4,0.491,1.787,0.137,0.5629769056950252
10365.5,0.426,1.859,0.118,0.5788078587344941
10365.5,0.492,1.852,0.113,0.5236777301997841
10365.5,0.42,1.989,0.149,0.7993848926889974
10365.6,0.479,1.864,0.128,0.5085834229036186
10365.6,0.41,1.943,0.14,0.62117663415551
10365.6,0.49,1.817,0.116,0.7319408680166926
10365.6,0.433,1.951,0.1,0.5479438669938971
10365.7,0.478,1.633,0.111,0.9406649977518245
10365.7,0.427,1.537,0.127,0.6155599111677978
10365.7,0.464,1.808,0.106,0.6849053912930854
10365.7,0.427,1.623,0.114,0.7548440299275303
10365.8,0.458,1.582,0.13,0.8366776575923969
10365.8,0.438,1.999,0.128,0.6414354272198259
10365.8,0.464,1.822,0.141,0.983010367801577
10365.9,0.406,1.705,0.111,0.7375625403422621
10365.9,0.418,1.947,0.113,0.9499202350797278
10365.9,0.414,1.886,0.112,0.6826770761238123
10366.0,0.473,1.802,0.13,0.5043897005278718
10366.0,0.427,1.753,0.112,0.5742468685503804
10366.0,0.406,1.599,0.126,0.5983438369644657
10366.0,0.458,1.692,0.134,0.8303924655540619
10366.0,0.411,1.671,0.107,0.651588843493998
10366.1,0.452,1.663,0.119,0.8287486525847572
10366.1,0.468,1.598,0.111,0.8472181810891916
10366.1,0.478,1.78,0.104,0.7798622570520131
10366.2,0.422,1.692,0.138,0.9857442752135935
10366.2,0.422,1.66,0.109,0.9976568011511535
10366.2,0.445,1.717,0.108,0.9011497855537316
10366.2,0.438,1.632,0.1,0.6928010723598108
10366.2,0.463,1.989,0.111,0.5335871857148142
10366.2,0.475,1.551,0.112,0.8102609390543036
10366.4,0.457,1.81,0.133,0.6009710366836041
10366.4,0.402,1.748,0.1,0.8022307965459363
10366.4,0.405,1.736,0.102,0.5565778652923484
10366.4,0.438,1.566,0.14,0.9493787168599432
10366.4,0.443,1.594,0.12,0.5438525636917722
10366.4,0.497,1.691,0.133,0.5702056268886024
10366.4,0.48,1.53,0.125,0.918813383263713
10366.5,0.446,1.865,0.111,0.9391043498520544
10366.5,0.474,1.54,0.101,0.5439195296903337
10366.5,0.463,1.76,0.119,0.9926208723618785
10366.5,0.431,1.888,0.133,0.8104024605567328
10366.6,0.442,1.884,0.107,0.8854901824446599
10366.6,0.453,1.968,0.106,0.6389441262406449
10366.6,0.466,1.987,0.122,0.7303276846793023
10366.7,0.436,1.832,0.123,0.6085645334285059
10366.7,0.435,1.922,0.123,0.9563596065042375
10366.7,0.47,1.717,0.131,0.8587819121010558
10366.7,0.464,1.766,0.143,0.87455939867168
10366.8,0.485,1.972,0.111,0.7286587177981423
10366.8,0.469,1.866,0.101,0.9940325859438939
10366.8,0.468,1.72,0.131,0.7500943146893175
10366.8,0.493,1.758,0.13,0.7578739450589049
10366.9,0.489,1.921,0.1,0.876631078723937
10367.0,0.433,1.785,0.114,0.5303014761876745
10367.0,0.437,1.733,0.142,0.611981970182998
10367.0,0.498,1.718,0.118,0.5824840578617456
10367.0,0.466,1.64,0.113,0.9179591583811266
10367.1,0.406,1.738,0.115,0.9383096725839488
10367.1,0.454,1.844,0.115,0.9645641191106842
10367.1,0.447,1.844,0.112,0.539010874919621
10367.2,0.489,1.683,0.109,0.784271262094422
10367.3,0.458,1.977,0.14,0.7277711510785607
10367.3,0.465,1.939,0.121,0.8309303546703746
10367.4,0.479,1.819,0.117,0.8315465826001995
10367.4,0.496,1.991,0.134,0.5054611630093839
10367.5,0.42,1.804,0.1,0.9608720137936415
10367.5,0.438,1.816,0.149,0.7243562810099793
10367.5,0.445,1.944,0.115,0.6143174949327446
10367.5,0.497,1.761,0.128,0.6842435978861647
10367.5,0.446,1.991,0.112,0.6660988570843076
10367.6,0.468,1.506,0.13,0.6456182486310623
10367.6,0.401,1.789,0.101,0.5055221606074619
10367.6,0.444,1.969,0.116,0.5472866458727927
10367.6,0.491,1.876,0.148,0.5986178496111609
10367.8,0.438,1.605,0.146,0.5830255149914346
10367.9,0.437,1.892,0.106,0.633047435070806
10367.9,0.455,1.921,0.108,0.7718206955559399
10368.0,0.425,1.823,0.121,0.8306356274034943
10368.0,0.477,1.846,0.131,0.5127305181207669
10368.0,0.428,1.806,0.117,0.5012052241857934
10368.0,0.453,1.832,0.131,0.7449873886861461
10368.0,0.459,1.928,0.1,0.6337749013105494
10368.0,0.412,1.938,0.116,0.8080612443314614
10368.0,0.461,1.799,0.149,0.5073575551366529
10368.0,0.499,1.9,0.143,0.5858092463979272
10368.0,0.43,1.553,0.147,0.7726690598943935
10368.1,0.481,1.546,0.122,0.8423525115829646
10368.1,0.415,1.897,0.148,0.9141611511500993
10368.1,0.444,1.882,0.108,0.9192796555459359
10368.1,0.437,1.866,0.143,0.515786715273713
10368.2,0.43,1.943,0.116,0.6069985440840122
10368.2,0.478,1.899,0.141,0.7329444295035468
10368.3,0.412,1.543,0.101,0.5543012634601978
10368.4,0.451,1.904,0.1,0.8888448092018209
10368.4,0.451,1.642,0.122,0.8317626735866668
10368.4,0.491,1.613,0.148,0.754179945046282
10368.5,0.429,1.848,0.101,0.6656979622183237
10368.5,0.488,1.567,0.144,0.5957871408393867
10368.5,0.492,1.985,0.133,0.8732724247707366
10368.6,0.471,1.562,0.114,0.7703269442593983
10368.6,0.472,1.895,0.124,0.6814883834193932
10368.6,0.431,1.737,0.108,0.5954247916267554
10368.7,0.403,1.627,0.103,0.8015178581678092
10368.7,0.492,1.834,0.147,0.9936447540240587
10368.8,0.479,1.649,0.135,0.7271912923132657
10368.8,0.486,1.722,0.125,0.5728187133105205
10368.8,0.467,1.686,0.124,0.5329794180712772
10368.9,0.439,1.533,0.146,0.6694590195496486
10368.9,0.423,1.805,0.121,0.7094389009787262
10369.0,0.409,1.997,0.145,0.9270624331119792
10369.0,0.433,1.542,0.14,0.606296513144333
10369.0,0.433,1.817,0.104,0.5989752070786323
10369.0,0.441,1.994,0.149,0.8128419652608996
10369.0,0.421,1.98,0.115,0.7750266631550493
10369.1,0.402,1.734,0.119,0.5992005353317081
10369.1,0.479,1.758,0.148,0.7925354923470864
10369.1,0.474,1.751,0.109,0.6781004694717879
10369.1,0.405,1.549,0.119,0.9245560398925509
10369.2,0.401,1.975,0.133,0.5158607929522124
10369.2,0.493,1.914,0.12,0.9583803295806621
10369.2,0.429,1.597,0.116,0.7639438534395041
10369.3,0.46,1.787,0.111,0.9775542716431003
10369.3,0.495,1.582,0.118,0.6683258115807502
10369.3,0.438,1.83,0.128,0.5389266720159411
10369.3,0.427,1.861,0.146,0.7645751018111795
10369.3,0.465,1.84,0.104,0.9492939137849681
10369.3,0.443,1.702,0.135,0.8428117144553249
10369.3,0.4,1.68,0.105,0.9623202045622857
10369.4,0.4,1.874,0.144,0.7589074049494985
10369.4,0.424,1.873,0.115,0.5646963774827236
10369.4,0.43,1.512,0.129,0.7624685057116147
10369.4,0.476,1.542,0.132,0.5728390036634763
10369.4,0.423,1.731,0.125,0.9221560370633606
10369.6,0.445,1.56,0.144,0.7462064536744382
10369.7,0.405,1.669,0.1,0.6952425101683759
10369.7,0.462,1.586,0.149,0.7190904906206533
10369.7,0.454,1.726,0.141,0.5571668026204037
10369.7,0.454,1.701,0.105,0.5703547806254866
10369.7,0.403,1.544,0.11,0.8076767515501968
10369.8,0.455,1.734,0.101,0.8715654986831385
10369.8,0.456,1.611,0.124,0.7440403115115539
10369.8,0.422,1.623,0.141,0.693169482995445
10369.8,0.434,1.987,0.122,0.5239916620546481
10369.8,0.437,1.965,0.127,0.7574876148074452
10369.9,0.475,1.765,0.144,0.892257797858147
10370.0,0.48,1.739,0.138,0.9517750977231504
10370.0,0.414,1.942,0.149,0.9461284977870226
10370.0,0.466,1.653,0.122,0.5377056100692446
10370.0,0.443,1.765,0.123,0.9884597989055033
10370.0,0.43,1.831,0.114,0.8184213669477998
10370.1,0.449,1.864,0.121,0.5396582393806362
10370.1,0.496,1.694,0.126,0.9412058632021101
10370.1,0.461,1.93,0.142,0.8933615213309963
10370.2,0.471,1.996,0.11,0.7402767865474935
10370.2,0.453,1.639,0.135,0.8107246169570929
10370.2,0.406,1.615,0.118,0.8675300851761689
10370.3,0.473,1.773,0.125,0.6060781941918141
10370.4,0.451,1.883,0.102,0.6273309964552023
10370.4,0.438,1.752,0.111,0.8851583912386529
10370.4,0.435,1.739,0.147,0.808422166819715
10370.4,0.496,1.949,0.133,0.9242776390408807
10370.5,0.466,1.8,0.107,0.5015061588468717
10370.5,0.434,1.697,0.118,0.7656307454935061
10370.5,0.44,1.618,0.141,0.8511671379879138
10370.6,0.409,1.834,0.109,0.5527229214608824
10370.6,0.438,1.734,0.13,0.5756413756629282
10370.6,0.447,1.613,0.107,0.857009578020209
10370.7,0.404,1.859,0.127,0.5982852963555378
10370.7,0.481,1.592,0.149,0.9173997794378086
10370.8,0.439,1.988,0.147,0.9456348976806556
10370.9,0.481,1.598,0.114,0.5724537439423718
10370.9,0.467,1.681,0.119,0.7913567518612297
10370.9,0.477,1.703,0.136,0.5357878900700723
10370.9,0.493,1.628,0.112,0.6724118270645316
10370.9,0.427,1.636,0.131,0.9055040256963881
10371.0,0.488,1.597,0.109,0.5576325936759978
10371.0,0.468,1.638,0.131,0.8091986183582687
10371.0,0.465,1.709,0.129,0.8952464596862458
10371.0,0.434,1.618,0.109,0.866991260173029
10371.1,0.418,1.542,0.138,0.7681504358803518
10371.1,0.485,1.725,0.144,0.5924695463294056
10371.1,0.412,1.996,0.106,0.835494852763497
10371.1,0.409,1.61,0.118,0.7963776843678589
10371.1,0.454,1.888,0.127,0.7684561923375708
10371.2,0.435,1.724,0.129,0.8733247152749211
10371.2,0.449,1.982,0.104,0.7364817152099237
10371.2,0.401,1.878,0.142,0.9481627227979507
10371.3,0.433,1.635,0.117,0.8769559987181769
10371.3,0.467,1.826,0.135,0.8633191960755722
10371.3,0.428,1.541,0.139,0.5707667886300332
10371.3,0.437,1.755,0.113,0.8305106886710389
10371.4,0.412,1.679,0.133,0.7888443136859256
10371.5,0.458,1.845,0.125,0.9465856047678354
10371.6,0.488,1.753,0.129,0.8181078321902957
10371.6,0.446,1.821,0.149,0.7816610670671144
10371.6,0.422,1.889,0.131,0.7013766370295009
10371.6,0.494,1.973,0.142,0.6662714043896668
10371.6,0.41,1.582,0.108,0.8572468472967745
10371.7,0.454,1.936,0.125,0.8085868280689334
10371.7,0.412,1.916,0.115,0.5989958742263788
10371.7,0.417,1.971,0.135,0.7377299462550049
10371.7,0.473,1.785,0.118,0.5075909956766815
10371.7,0.48,1.785,0.123,0.6776645941126637
10371.8,0.427,1.976,0.139,0.5172105131277583
10371.8,0.478,1.852,0.141,0.7529292377914247
10371.8,0.454,1.613,0.143,0.7303032160425338
10371.8,0.416,1.953,0.109,0.6361744124676868
10371.9,0.487,1.782,0.112,0.7525007152035021
10371.9,0.422,1.689,0.13,0.8905876292090927
10371.9,0.482,1.771,0.1,0.8990985147955284
10371.9,0.498,1.797,0.126,0.672261771118936
10371.9,0.499,1.527,0.101,0.5124246660738165
10371.9,0.449,1.925,0.133,0.6143873203144135
10372.0,0.465,1.834,0.109,0.9229350650634878
10372.0,0.411,1.741,0.121,0.9210649521225556
10372.0,0.437,1.506,0.105,0.8449713666711508
10372.0,0.431,1.885,0.143,0.80702176612237
10372.0,0.416,1.725,0.112,0.8218753494982854
10372.0,0.44,1.773,0.109,0.9113054847011841
10372.1,0.434,1.658,0.141,0.7683701401044591
10372.1,0.431,1.601,0.137,0.8277403973561516
10372.1,0.484,1.913,0.13,0.7382108447544675
10372.1,0.418,1.622,0.139,0.9073465258642419
10372.2,0.473,1.786,0.143,0.9782450895291301
10372.2,0.442,1.899,0.118,0.6441531999983614
10372.2,0.441,1.839,0.115,0.6810933965960192
10372.2,0.436,1.56,0.145,0.6759022122752132
10372.3,0.483,1.708,0.142,0.7061767609643055
10372.3,0.418,1.696,0.137,0.7352638718222413
10372.3,0.446,1.924,0.139,0.667888667907956
10372.3,0.457,1.549,0.132,0.8446383486991766
10372.3,0.409,1.923,0.112,0.9350876150438101
10372.3,0.411,1.789,0.137,0.5836127627130694
10372.4,0.402,1.774,0.145,0.665043240060232
10372.4,0.413,1.934,0.11,0.7369699676562746
10372.4,0.459,1.806,0.1,0.5139924054987273
10372.4,0.42,1.689,0.103,0.6414811399318806
10372.5,0.497,1.799,0.12,0.5769365588631055
10372.6,0.405,1.913,0.144,0.6731832049105835
10372.6,0.45,1.84,0.145,0.7413641425108792
10372.6,0.43,1.921,0.116,0.9173212861141504
10372.7,0.406,1.89,0.116,0.7954536162844705
10372.7,0.45,1.526,0.103,0.8375831725767553
10372.7,0.455,1.936,0.135,0.9871951125825702
10372.7,0.419,1.681,0.105,0.5883617518209636
10372.7,0.491,1.994,0.1,0.8833927223110538
10372.8,0.499,1.918,0.132,0.6938084759605345
10372.9,0.449,1.825,0.127,0.8820758856333852
10372.9,0.446,1.855,0.109,0.6772369043015488
10372.9,0.463,1.767,0.126,0.6619231950769627
10372.9,0.457,1.884,0.101,0.6305714737410972
10372.9,0.47,1.965,0.137,0.9500938112156649
10373.0,0.483,1.938,0.105,0.9419110798099901
10373.0,0.487,1.945,0.117,0.7132155569070159
10373.1,0.407,1.685,0.109,0.9458898115273383
10373.1,0.428,1.616,0.106,0.6151657652593754
10373.1,0.438,1.854,0.125,0.7099696690995274
10373.1,0.481,1.632,0.112,0.9839307392136192
10373.2,0.458,1.635,0.134,0.7547671602755326
10373.2,0.497,1.832,0.134,0.7899755743135877
10373.2,0.447,1.674,0.124,0.9937730377389394
10373.3,0.435,1.775,0.13,0.9042942986252719
10373.3,0.444,1.756,0.122,0.537257221472965
10373.3,0.489,1.853,0.104,0.9351591258625027
10373.3,0.445,1.726,0.111,0.8331095963352394
10373.3,0.437,1.835,0.102,0.9304623784673105
10373.4,0.446,1.951,0.14,0.8078827152742558
10373.4,0.466,1.809,0.137,0.5018614782259139
10373.4,0.489,1.564,0.102,0.5935822075883477
10373.4,0.425,1.623,0.103,0.5986614043827674
10373.4,0.419,1.756,0.134,0.5194208108492679
10373.4,0.436,1.937,0.119,0.7795597050278833
10373.5,0.413,1.824,0.134,0.8052612116062602
10373.5,0.441,1.509,0.105,0.789495014319419
10373.5,0.411,1.692,0.127,0.8094251008031231
10373.5,0.459,1.872,0.143,0.6924153975913016
10373.5,0.486,1.877,0.102,0.624474911915814
10373.5,0.426,1.673,0.139,0.883621432421181
10373.5,0.472,1.597,0.117,0.574997921347817
10373.6,0.495,1.911,0.102,0.8669111625491189
10373.6,0.461,1.582,0.111,0.9498658638319636
10373.6,0.419,1.544,0.146,0.5013553852192356
10373.6,0.451,1.717,0.124,0.9388868773398515
10373.7,0.469,1.858,0.136,0.7534556882102709
10373.7,0.407,1.634,0.141,0.9780728543759665
10373.8,0.414,1.732,0.146,0.7608309843591614
10373.8,0.497,1.816,0.142,0.8140509457320425
10373.8,0.418,1.598,0.136,0.7187509465842284
10373.9,0.406,1.921,0.14,0.9723282833382527
10373.9,0.494,1.891,0.114,0.5934445999209764
10374.0,0.476,1.942,0.117,0.6790636131653826
10374.0,0.472,1.578,0.133,0.792988950285267
10374.0,0.461,1.804,0.103,0.7807709503093343
10374.1,0.461,1.752,0.145,0.8376026268127363
10374.1,0.475,1.549,0.127,0.7056357603034895
10374.1,0.432,1.504,0.109,0.5784712605126392
10374.1,0.467,1.641,0.106,0.6245356442949769
10374.1,0.466,1.763,0.123,0.9494286529673843
10374.1,0.465,1.748,0.103,0.7518672601770258
10374.2,0.419,1.506,0.122,0.8485925433987205
10374.2,0.497,1.703,0.1,0.7135914399735108
10374.2,0.433,1.671,0.117,0.6196477499859967
10374.3,0.448,1.861,0.104,0.6105424331382623
10374.3,0.453,1.695,0.138,0.8898093544350696
10374.3,0.436,1.537,0.112,0.6551602794877338
10374.4,0.415,1.719,0.109,0.9092287405906152
10374.4,0.442,1.506,0.134,0.9735636414549044
10374.4,0.499,1.666,0.131,0.7035213410101049
10374.4,0.462,1.727,0.145,0.7996601988124433
10374.5,0.482,1.574,0.147,0.8524269714949251
10374.5,0.489,1.624,0.11,0.6722892621989909
10374.5,0.444,1.788,0.133,0.5067605935158235
10374.6,0.425,1.687,0.131,0.7663115550166026
10374.6,0.428,1.732,0.102,0.8312690957991989
10374.8,0.431,1.888,0.14,0.5014354572412396
10374.8,0.48,1.817,0.109,0.8766253678407965
10374.9,0.463,1.976,0.129,0.796942071535491
10374.9,0.458,1.989,0.106,0.8092871878979949
10374.9,0.405,1.656,0.122,0.5406649517494445
10375.0,0.449,1.996,0.101,0.7699301422386338
10375.0,0.441,1.634,0.145,0.6900171368147725
10375.0,0.402,1.808,0.136,0.5110688428748886
10375.1,0.471,1.837,0.141,0.9226798558611856
10375.1,0.49,1.864,0.109,0.6004287941186999
10375.1,0.446,1.617,0.146,0.5564883403087852
10375.1,0.463,1.828,0.112,0.6640848237840302
10375.1,0.465,1.566,0.126,0.5819158236487298
10375.1,0.441,1.906,0.139,0.9833548035066288
10375.2,0.457,1.97,0.1,0.7772097407438361
10375.2,0.474,1.921,0.128,0.7749915878855156
10375.2,0.445,1.598,0.141,0.8273197795851448
10375.3,0.467,1.782,0.146,0.7554179594216199
10375.3,0.402,1.544,0.149,0.5817332658297105
10375.4,0.447,1.872,0.104,0.553775944938141
10375.4,0.487,1.787,0.104,0.995727445897326
10375.4,0.423,1.765,0.132,0.703511808661093
10375.4,0.446,1.92,0.149,0.8898429734978726
10375.4,0.437,1.835,0.131,0.6635958245606881
10375.5,0.454,1.505,0.104,0.8829131960683932
10375.6,0.42,1.863,0.132,0.7040893437867866
10375.6,0.484,1.904,0.129,0.5602785023301926
10375.6,0.498,1.599,0.136,0.7957594315258728
10375.7,0.441,1.87,0.11,0.9852156236449129
10375.7,0.445,1.705,0.117,0.699244616970361
10375.7,0.441,1.763,0.113,0.7515062363626563
10375.8,0.481,1.955,0.141,0.7151297045000142
10375.8,0.459,1.658,0.149,0.5427135235850091
10375.8,0.482,1.819,0.134,0.6678449117056129
10375.9,0.485,1.557,0.136,0.5081424001146846
10375.9,0.408,1.977,0.112,0.5245640492304906
10375.9,0.421,1.895,0.11,0.8949935079425951
10375.9,0.463,1.797,0.13,0.7275488630167666
10376.0,0.491,1.503,0.118,0.9188301704166388
10376.0,0.489,1.645,0.101,0.7288031619558533
10376.0,0.46,1.964,0.143,0.7499411795033603
10376.0,0.446,1.976,0.127,0.5575248010622629
10376.1,0.414,1.742,0.112,0.6232958948096545
10376.1,0.456,1.729,0.131,0.6219312232794904
10376.1,0.449,1.833,0.145,0.8309044966552473
10376.1,0.439,1.91,0.136,0.6548328696316215
10376.1,0.463,1.964,0.124,0.9572127617494792
10376.2,0.463,1.565,0.115,0.6134929743941411
10376.2,0.431,1.893,0.137,0.8485128916083449
10376.2,0.448,1.812,0.115,0.991867005136316
10376.3,0.477,1.613,0.136,0.914107467255691
10376.3,0.429,1.553,0.149,0.5539115155815217
10376.3,0.47,1.797,0.122,0.7857837445907518
10376.3,0.484,1.79,0.125,0.6273657789476911
10376.4,0.465,1.615,0.12,0.8205781061993218
10376.4,0.47,1.594,0.118,0.995401780555798
10376.5,0.404,1.58,0.14,0.6595908951527416
10376.5,0.457,1.727,0.142,0.568885209487453
10376.5,0.432,1.66,0.11,0.854405970789323
10376.5,0.409,1.568,0.127,0.5962595909638387
10376.5,0.482,1.557,0.108,0.7114201578857975
10376.5,0.421,1.535,0.102,0.8193116169008721
10376.5,0.445,1.911,0.11,0.6548088616285324
10376.6,0.434,1.896,0.107,0.58271970063808
10376.6,0.42,1.853,0.105,0.8627474984536211
10376.6,0.4,1.809,0.138,0.7912129544080481
10376.6,0.453,1.807,0.142,0.9972629296490236
10376.6,0.438,1.59,0.13,0.6240500539115921
10376.7,0.485,1.846,0.124,0.9830751102973967
10376.7,0.448,1.897,0.13,0.8724635632598602
10376.8,0.493,1.944,0.147,0.619806069611518
10376.8,0.409,1.578,0.112,0.851907137614287
10376.9,0.48,1.92,0.107,0.9292117214039206
10376.9,0.482,1.556,0.11,0.740720186678426
10376.9,0.497,1.974,0.118,0.6378595634706188
10376.9,0.445,1.97,0.131,0.7861059238083299
10376.9,0.466,1.852,0.13,0.6773097702596201
10376.9,0.41,1.767,0.139,0.8084534335011323
10376.9,0.48,1.702,0.106,0.5029355334240441
10377.0,0.493,1.636,0.135,0.6235422576618062
10377.0,0.462,1.533,0.116,0.7222269262718739
10377.0,0.4,1.83,0.11,0.9699824930870999
10377.0,0.401,1.841,0.102,0.7598935539856515
10377.1,0.435,1.782,0.136,0.5972931732139246
10377.1,0.444,1.652,0.127,0.8669614936391843
10377.1,0.43,1.957,0.136,0.6518145912839444
10377.1,0.417,1.724,0.11,0.8403610240788817
10377.2,0.424,1.93,0.105,0.9862914341243626
10377.2,0.462,1.766,0.14,0.9145784010153336
10377.2,0.455,1.894,0.122,0.5717722037030826
10377.2,0.472,1.66,0.116,0.5204767607135394
10377.2,0.483,1.658,0.148,0.999052973937097
10377.2,0.421,1.959,0.105,0.5042168380194197
10377.3,0.434,1.732,0.129,0.7658814358503495
10377.3,0.433,1.837,0.14,0.9540750231199887
10377.3,0.471,1.999,0.107,0.732686953292693
10377.3,0.479,1.673,0.124,0.5392231835223358
10377.5,0.401,1.648,0.115,0.7324682564599535
10377.5,0.452,1.704,0.114,0.5627217742203154
10377.6,0.442,1.73,0.13,0.800829440881245
10377.6,0.403,1.866,0.116,0.5010702255134017
10377.6,0.446,1.705,0.104,0.824921585850388
10377.6,0.475,1.926,0.129,0.8298005512278656
10377.6,0.494,1.763,0.137,0.9554515008502336
10377.6,0.467,1.588,0.146,0.7456777200646398
10377.7,0.427,1.906,0.1,0.5588975658789248
10377.7,0.406,1.7,0.137,0.6996881451946478
10377.7,0.449,1.673,0.113,0.5011574650082435
10377.8,0.438,1.859,0.127,0.6553886746265236
10377.8,0.444,1.868,0.127,0.9432124630665021
10377.8,0.419,1.551,0.148,0.7768299356146277
10377.9,0.477,1.637,0.103,0.6549642253621997
10377.9,0.424,1.914,0.123,0.6485580180874291
10378.0,0.426,1.979,0.136,0.50081509188966
10378.0,0.495,1.723,0.108,0.744485674349878
10378.0,0.463,1.509,0.107,0.7554275328341279
10378.1,0.448,1.868,0.115,0.7829050983330517
10378.1,0.439,1.61,0.127,0.6593039675468946
10378.1,0.423,1.79,0.112,0.6776897970231656
10378.1,0.444,1.693,0.103,0.7388728086144751
10378.2,0.419,1.525,0.142,0.9044537777941153
10378.2,0.479,1.569,0.104,0.8049910219044302
10378.2,0.438,1.611,0.107,0.9533498294076033
10378.3,0.45,1.61,0.111,0.9436515800387606
10378.3,0.443,1.957,0.121,0.6344016577162688
10378.4,0.41,1.975,0.14,0.718934755226394
10378.5,0.472,1.54,0.144,0.6566798423897671
10378.5,0.421,1.724,0.148,0.9925297209966674
10378.5,0.464,1.925,0.137,0.6715308326336707
10378.5,0.481,1.751,0.142,0.5986212700072457
10378.6,0.493,1.774,0.133,0.9949396097168528
10378.6,0.419,1.692,0.117,0.9551847547062271
10378.6,0.457,1.572,0.134,0.694832612535601
10378.6,0.468,1.512,0.133,0.7135220909503517
10378.6,0.404,1.854,0.12,0.9245909929332512
10378.6,0.493,1.852,0.127,0.7900848906839396
10378.7,0.404,1.883,0.107,0.6408469827815146
10378.7,0.401,1.584,0.149,0.6701513393755425
10378.7,0.408,1.915,0.14,0.5937568548099967
10378.7,0.407,1.739,0.128,0.7136128505320505
10378.8,0.463,1.818,0.13,0.6227404805192905
10378.9,0.488,1.51,0.111,0.791953692965324
10379.0,0.402,1.964,0.139,0.5646091535146236
10379.1,0.418,1.755,0.128,0.806867882100636
10379.2,0.475,1.919,0.111,0.6872061776404893
10379.2,0.486,1.949,0.106,0.6921707673244784
10379.2,0.48,1.875,0.102,0.9771546149544987
10379.2,0.45,1.687,0.142,0.7573156904319813
10379.2,0.447,1.503,0.117,0.6834483822072067
10379.2,0.426,1.668,0.149,0.7519395696823508
10379.3,0.441,1.773,0.102,0.6688703067307562
10379.3,0.444,1.712,0.105,0.7564195487918699
10379.3,0.433,1.729,0.11,0.5021995825530184
10379.3,0.466,1.955,0.118,0.8227423584637937
10379.3,0.499,1.818,0.123,0.5827843300255905
10379.4,0.414,1.509,0.1,0.6311212574291352
10379.5,0.461,1.859,0.132,0.6264198595929276
10379.5,0.417,1.912,0.144,0.6126950801455215
10379.5,0.424,1.619,0.119,0.6112611807256941
10379.5,0.447,1.961,0.127,0.9673145214512573
10379.6,0.412,1.712,0.147,0.8697750226514
10379.6,0.472,1.557,0.104,0.8527181425324072
10379.6,0.419,1.559,0.114,0.5065772881446365
10379.7,0.413,1.83,0.1,0.6586993469153455
10379.7,0.465,1.884,0.14,0.9599748543953344
10379.7,0.406,1.804,0.11,0.9543399468915936
10379.7,0.499,1.76,0.129,0.790866534091103
10379.8,0.447,1.952,0.138,0.8685564535451346
10379.8,0.42,1.872,0.117,0.5521167174501496
10379.8,0.478,1.701,0.113,0.9307814165593009
10379.8,0.439,1.975,0.134,0.8113194595767281
10379.9,0.462,1.96,0.102,0.5881431092502345
10379.9,0.492,1.795,0.122,0.8521794731479022
